BJD,DRVmlcnzp,e_DRVmlcnzp,RVdrsnzp,e_RVdrsnzp,CRX,e_CRX,dLW,e_dLW,Halpha,NaD1,NaD2,FWHMDRS,Contrast,BIS,SNRDRS,ExpTime,ProgID,Flag,BERV
2455164.6450589,-6.98562,1.086815,-40570.066431,1.10234,8.13,6.3,-11.41,1.2,0.44299,0.29648,0.38449,6.80444,50.70743,-0.04,122.5,900.0066,183.C-0972(A),0.0,3.69543
2455165.6560111,-8.09993,1.048094,-40571.840298,1.077221,1.82,5.8,-6.39,1.0,0.4479,0.29148,0.39637,6.80965,50.67462,-0.04,138.1,900.0045,183.C-0972(A),0.0,3.18106
2455168.6124784,-1.60238,1.052508,-40562.218077,0.890686,4.91,4.1,-9.34,1.2,0.44781,0.29057,0.38469,6.80703,50.66905,-0.05,135.9,900.0014,183.C-0972(A),0.0,1.84294
2455169.6371437,6.9385,1.053985,-40557.526294,0.876435,3.76,5.6,-5.69,1.1,0.44305,0.29669,0.38409,6.80953,50.65506,-0.04,134.9,899.9998,183.C-0972(A),0.0,1.29068
2455224.6165928,-2.29757,1.076208,-40566.197649,1.053006,4.64,5.9,-5.34,1.7,0.45289,0.28457,0.38975,6.81141,50.65683,-0.05,102.5,900.0018,183.C-0972(A),0.0,-22.25917
2455238.5164712,2.94729,0.730392,-40561.17155,0.592583,2.52,4.3,-5.72,1.0,0.44775,0.28476,0.3922,6.80776,50.6374,-0.05,166.0,899.999,183.C-0972(A),0.0,-25.45091
2455239.5244589,-5.66833,0.889795,-40569.204266,0.775248,12.5,6.9,-8.7,1.1,0.44315,0.28227,0.39394,6.80946,50.64449,-0.05,103.4,900.0003,183.C-0972(A),0.0,-25.66449
2455241.632817,1.4672,1.119015,-40561.788996,1.125479,5.57,5.7,-6.79,1.2,0.44611,0.28535,0.39388,6.81504,50.66066,-0.04,112.9,899.9999,183.C-0972(A),0.0,-26.28729
2455243.5825587,7.82748,0.864005,-40555.06752,0.851172,-7.88,4.2,-5.43,1.0,0.44329,0.28317,0.39449,6.80965,50.64622,-0.05,162.9,899.9995,183.C-0972(A),0.0,-26.49608
2455248.5714999,4.64029,1.094872,-40558.619652,1.108631,3.8,5.1,-11.24,1.3,0.44809,0.28403,0.39408,6.80919,50.68428,-0.05,118.8,900.0,183.C-0972(A),0.0,-27.12206
2455275.4985038,-9.2524,1.077907,-40573.213731,1.099575,-2.09,4.3,-11.82,1.1,0.44999,0.29066,0.38422,6.80699,50.6916,-0.05,123.9,900.0069,183.C-0972(A),0.0,-26.9297
2455276.4907268,-0.259793,0.973166,-40563.35636,0.880386,-10.84,6.0,-10.02,1.3,0.44689,0.28518,0.38343,6.80582,50.6829,-0.05,121.2,900.0066,183.C-0972(A),0.0,-26.79555
2455282.4929753,1.89354,1.012406,-40561.847826,0.894012,-3.81,4.8,-8.39,0.9,0.44703,0.28564,0.3838,6.8079,50.66329,-0.04,140.1,900.0003,183.C-0972(A),0.0,-25.92951
2455283.5118294,-6.09845,0.782771,-40568.620864,0.758796,-7.48,3.7,-6.66,1.0,0.44737,0.28583,0.39221,6.81235,50.64857,-0.04,150.6,900.001,183.C-0972(A),0.0,-25.7925
2455284.4998922,1.69361,0.804436,-40561.529261,0.680703,-8.66,5.0,-9.36,0.9,0.44427,0.28472,0.39615,6.80625,50.6617,-0.04,146.4,900.0072,183.C-0972(A),0.0,-25.5941
2455287.4817461,6.43528,0.748557,-40556.574945,0.666109,-10.46,5.3,-7.52,1.4,0.44852,0.28604,0.39497,6.81001,50.6423,-0.04,129.7,900.0067,183.C-0972(A),0.0,-24.9891
2455288.4995633,1.71829,0.877324,-40560.814922,0.777183,2.21,4.6,-7.91,0.9,0.44992,0.284,0.39419,6.81299,50.64165,-0.04,132.5,900.0081,183.C-0972(A),0.0,-24.81577
2455289.4783967,11.3988,0.82364,-40551.796782,0.697809,1.85,5.1,-7.09,1.1,0.44752,0.2924,0.38732,6.81108,50.63377,-0.04,138.6,900.007,183.C-0972(A),0.0,-24.5681
2455290.4828218,6.91393,0.72325,-40555.967196,0.772513,-6.92,5.0,-8.31,1.0,0.44751,0.28491,0.38618,6.81055,50.66813,-0.04,142.4,899.9999,183.C-0972(A),0.0,-24.35799
2455291.4938439,4.68711,0.823728,-40559.045297,0.739956,-9.7,5.9,-9.78,1.4,0.44659,0.28414,0.39453,6.80997,50.66619,-0.04,119.1,900.0059,183.C-0972(A),0.0,-24.15091
2455292.4767987,9.60304,1.095169,-40554.040375,0.804053,2.54,5.8,-8.0,1.3,0.44432,0.28362,0.39673,6.81215,50.63986,-0.05,108.9,899.9989,183.C-0972(A),0.0,-23.89048
2455293.4713708,0.627854,0.775412,-40563.001217,0.693143,-4.62,4.9,-5.95,1.3,0.44869,0.29275,0.38658,6.80914,50.63574,-0.05,133.0,899.9988,183.C-0972(A),0.0,-23.64209
2455294.4872885,2.04575,0.967332,-40560.514599,0.878445,-4.12,3.8,-2.68,0.7,0.44971,0.28444,0.39604,6.81389,50.61995,-0.05,203.2,2637.9878,183.C-0972(A),0.0,-23.42192
2455295.487288,-0.244694,0.945885,-40563.733239,0.651936,-6.43,5.1,-8.98,1.1,0.44788,0.2855,0.39334,6.81116,50.66385,-0.05,135.8,900.0002,183.C-0972(A),0.0,-23.16829
2455296.4778753,-4.04149,1.05094,-40564.125185,0.979428,-2.96,5.0,-6.73,1.1,0.4446,0.29111,0.38493,6.81271,50.66526,-0.05,135.4,900.0063,183.C-0972(A),0.0,-22.89345
2455297.4766578,2.4527,1.055188,-40561.664602,1.084988,2.7,5.0,-8.19,1.0,0.44843,0.28687,0.39423,6.80631,50.67305,-0.04,134.4,899.9991,183.C-0972(A),0.0,-22.62435
2455298.4723092,-4.68846,0.947078,-40567.761938,0.884981,-8.54,4.5,-7.37,1.1,0.44877,0.28566,0.39495,6.80758,50.66374,-0.05,146.3,900.0073,183.C-0972(A),0.0,-22.34363
2455299.4691445,1.96981,1.013599,-40561.337778,0.947084,-2.24,5.0,-3.8,1.2,0.44483,0.29142,0.38657,6.81121,50.63494,-0.04,135.8,900.0072,183.C-0972(A),0.0,-22.05803
2455300.4725831,5.28252,1.055639,-40557.637009,0.820706,-6.38,6.1,-5.54,1.2,0.4492,0.28375,0.39261,6.81146,50.65752,-0.05,121.2,900.0053,183.C-0972(A),0.0,-21.77577
2455301.466508,-0.787318,0.903017,-40565.578111,0.824703,-3.02,6.4,-2.08,1.4,0.44993,0.28523,0.39047,6.81121,50.62384,-0.05,120.7,900.007,183.C-0972(A),0.0,-21.47274
2455410.9464023,0.154922,1.235689,-40566.286531,1.185627,11.93,7.6,66.65,4.1,0.4492,0.29466,0.38561,6.81948,49.96945,-0.04,96.0,900.0006,183.C-0972(A),0.0,22.43987
2455437.8915284,1.23578,1.063936,-40562.061766,0.987695,14.83,5.2,-2.96,1.2,0.44341,0.28948,0.38358,6.80882,50.65908,-0.04,137.8,900.0006,183.C-0972(A),0.0,26.97414
2455453.8800649,4.78776,1.127693,-40560.57277,1.08754,21.58,5.6,-0.25,1.5,0.44318,0.30051,0.38291,6.81284,50.64645,-0.05,115.8,900.0008,183.C-0972(A),0.0,27.06569
2455456.8568123,-1.10149,1.002902,-40566.702492,1.094768,16.66,5.5,-3.0,1.1,0.44451,0.28954,0.38408,6.81189,50.65739,-0.05,132.7,900.0007,183.C-0972(A),0.0,26.9026
2455482.8483362,-4.26235,1.009371,-40569.041513,0.978379,-7.46,6.1,-2.98,1.5,0.44854,0.29597,0.3846,6.81116,50.65638,-0.04,114.6,900.0007,183.C-0972(A),0.0,22.18268
2455485.7935667,-5.03022,1.065973,-40570.588714,1.056087,6.96,6.3,-3.45,1.5,0.44391,0.29085,0.38329,6.81648,50.6514,-0.05,115.5,900.0009,183.C-0972(A),0.0,21.4671
2455488.8165075,1.83211,1.019787,-40562.806424,1.061619,12.39,5.0,-2.87,1.1,0.44865,0.28928,0.39115,6.81016,50.66206,-0.04,156.3,900.0005,183.C-0972(A),0.0,20.47834
2455505.7782908,-5.33008,1.091601,-40569.42975,1.108268,3.99,5.8,-4.95,1.2,0.44214,0.28789,0.3845,6.80976,50.65895,-0.05,122.3,900.0008,183.C-0972(A),0.0,14.37032
2455506.8664064,2.91596,1.06701,-40561.040942,1.091535,-7.82,5.1,-0.49,1.2,0.44524,0.288,0.38523,6.8125,50.63397,-0.05,132.9,900.0005,183.C-0972(A),0.0,13.70072
2455507.7385997,-5.51761,1.045822,-40569.680108,1.077356,11.22,5.0,-6.69,0.9,0.44524,0.28729,0.38664,6.80977,50.66952,-0.04,143.3,900.0003,183.C-0972(A),0.0,13.64936
2455509.7505535,4.74438,1.063252,-40559.086349,1.089427,1.25,5.4,-5.07,1.0,0.44358,0.28761,0.38529,6.80709,50.68328,-0.04,134.1,900.0004,183.C-0972(A),0.0,12.75937
2455512.7176969,-3.83747,1.056779,-40567.456365,1.084782,5.88,5.2,-3.44,1.1,0.44735,0.28751,0.38445,6.80902,50.65179,-0.04,138.7,900.0008,183.C-0972(A),0.0,11.54268
2455513.8019663,-7.01455,1.1657,-40570.375929,0.945904,11.04,9.7,-2.69,2.0,0.44508,0.28859,0.39127,6.81501,50.6386,-0.04,75.8,900.0003,183.C-0972(A),0.0,10.84853
2455514.7291604,-0.952488,1.079774,-40565.435059,1.099203,6.21,4.8,-5.02,1.3,0.44791,0.28872,0.3846,6.8113,50.66788,-0.05,128.8,900.0003,183.C-0972(A),0.0,10.61755
2455523.7307426,-0.019,0.872811,-40563.65454,1.078256,9.85,6.2,-2.51,1.2,0.44346,0.29007,0.39288,6.8123,50.64999,-0.04,135.9,900.0006,183.C-0972(A),0.0,6.46068
2455538.6197236,-6.4788,0.954395,-40569.790533,0.923503,9.27,6.4,-7.17,1.6,0.44294,0.28901,0.38489,6.81027,50.68261,-0.04,108.4,899.9997,183.C-0972(A),0.0,-0.50622
2455542.6748476,5.23706,1.113678,-40557.705046,1.121075,4.57,7.1,-5.55,1.3,0.44755,0.2877,0.38497,6.81183,50.66381,-0.05,116.7,900.0064,183.C-0972(A),0.0,-2.63588
2455545.7104267,9.33218,1.020559,-40556.300156,0.910604,-4.35,4.1,-3.61,0.9,0.44463,0.28873,0.38475,6.81192,50.63946,-0.04,154.0,900.0061,183.C-0972(A),0.0,-4.21011
2455549.713641,-0.900919,1.012456,-40562.860449,0.891152,-7.75,4.5,-0.77,1.0,0.45056,0.29009,0.39434,6.81137,50.61311,-0.04,161.0,900.0062,183.C-0972(A),0.0,-6.15148
2455551.6937634,-3.81667,1.107897,-40566.52222,1.118905,10.24,7.0,1.71,1.3,0.44736,0.28769,0.39323,6.8121,50.58896,-0.04,119.2,899.9997,183.C-0972(A),0.0,-7.04706
2455579.6812716,-1.70331,0.938325,-40565.525281,1.046743,-3.09,6.3,-5.53,1.5,0.44904,0.28485,0.38701,6.81015,50.6442,-0.04,112.7,900.005,183.C-0972(A),0.0,-19.0327
2455580.6512218,3.94274,0.924262,-40558.942824,1.070834,-5.4,5.7,-3.62,1.0,0.44378,0.28475,0.39323,6.81303,50.62416,-0.04,133.0,899.9998,183.C-0972(A),0.0,-19.31258
2455586.6045045,1.21066,1.021607,-40560.331854,1.085788,2.62,5.3,-2.57,1.2,0.44548,0.29061,0.39016,6.81494,50.62981,-0.05,137.6,900.0037,183.C-0972(A),0.0,-21.21417
2455611.5752282,1.87278,0.896916,-40559.637951,0.890933,-8.46,6.0,-2.2,1.1,0.44762,0.2881,0.38684,6.81683,50.61723,-0.04,130.0,900.0006,183.C-0972(A),0.0,-26.84224
2455614.5109087,-1.10203,0.938266,-40565.722305,0.704493,6.07,5.7,-2.71,1.3,0.45034,0.28881,0.39862,6.81143,50.6163,-0.04,123.5,900.0041,183.C-0972(A),0.0,-27.03607
2455622.5308602,4.80501,0.87662,-40559.022189,0.934013,-4.37,5.1,-3.06,1.1,0.45031,0.28633,0.3947,6.81861,50.61832,-0.05,141.6,900.0074,183.C-0972(A),0.0,-27.68453
2455627.5300284,-2.94002,1.087124,-40567.653486,0.915387,-2.07,5.7,-5.66,1.3,0.44967,0.28921,0.39247,6.81379,50.63784,-0.05,124.3,900.0072,183.C-0972(A),0.0,-27.77155
2455632.5294253,4.28582,1.108632,-40558.115054,1.118234,0.57,5.8,-3.18,1.2,0.44799,0.29004,0.38908,6.81308,50.61615,-0.04,120.4,900.0073,183.C-0972(A),0.0,-27.63874
2455633.5017892,-2.58857,0.971382,-40567.042597,0.757802,-4.02,5.9,-3.96,1.2,0.44638,0.28438,0.3857,6.81277,50.62555,-0.04,133.6,900.0056,183.C-0972(A),0.0,-27.52681
2455634.528262,3.01041,0.967643,-40559.839403,0.99147,1.16,5.4,-5.19,1.2,0.44836,0.28233,0.38513,6.81545,50.6432,-0.05,130.2,900.0065,183.C-0972(A),0.0,-27.52408
2455635.5135707,-0.009204,0.928432,-40562.857538,0.85378,-7.08,5.5,-2.71,1.1,0.44279,0.28482,0.38538,6.81551,50.62403,-0.04,130.0,900.0075,183.C-0972(A),0.0,-27.42539
2455637.529583,-0.999738,1.907326,-40564.148442,1.765099,-1.51,15.9,1.08,4.0,0.44898,0.28624,0.40172,6.81448,50.5391,-0.04,47.3,900.0073,183.C-0972(A),0.0,-27.29786
2455653.4884771,-1.62117,1.020897,-40564.307787,1.063958,-6.6,5.4,-2.1,1.2,0.44851,0.28539,0.39209,6.81553,50.61257,-0.05,157.0,900.0064,183.C-0972(A),0.0,-24.86587
2455803.890087,-3.54777,1.845272,-40566.703256,1.708639,10.12,15.1,-3.57,3.0,0.44232,0.29327,0.38383,6.8139,50.70816,-0.04,52.7,899.9996,183.C-0972(A),0.0,27.04582
2455804.9194049,-9.66057,0.904757,-40574.258317,0.963095,4.35,6.1,-1.57,1.3,0.44442,0.28845,0.38375,6.81256,50.65739,-0.05,124.7,899.9994,183.C-0972(A),0.0,27.03341
2455805.8716339,0.507862,0.926443,-40564.023374,0.91969,-4.05,6.3,-0.81,1.3,0.4441,0.29084,0.3857,6.81666,50.65433,-0.05,119.4,899.9996,183.C-0972(A),0.0,27.18859
2455806.9150363,-2.97084,0.875572,-40565.734813,0.905005,9.32,5.5,-1.42,1.1,0.44391,0.29015,0.38362,6.81156,50.65018,-0.05,125.2,899.9998,183.C-0972(A),0.0,27.12839
2455808.8880789,8.40979,0.99166,-40556.364129,0.945332,9.99,6.3,1.15,1.2,0.44462,0.28918,0.38259,6.8198,50.6427,-0.04,107.1,899.9998,183.C-0972(A),0.0,27.24467
2455810.8928138,4.89985,1.059641,-40559.390827,1.086139,5.46,5.8,0.13,1.1,0.44482,0.28896,0.38413,6.81809,50.64583,-0.04,139.0,899.9998,183.C-0972(A),0.0,27.25489
2455814.8917876,-5.44604,1.051461,-40570.704153,1.148858,11.43,5.8,-0.89,1.4,0.44388,0.29227,0.38307,6.81649,50.64556,-0.05,107.5,899.9999,183.C-0972(A),0.0,27.20893
2455829.877463,1.46718,0.846092,-40563.209072,0.686779,2.72,5.6,-1.27,1.0,0.44425,0.29015,0.39385,6.81489,50.64984,-0.05,141.1,900.006,183.C-0972(A),0.0,25.99142
2455834.8238896,2.4773,0.987527,-40562.080172,0.945531,7.16,5.7,-4.93,1.0,0.44542,0.29073,0.38534,6.81147,50.67545,-0.05,136.6,900.0059,183.C-0972(A),0.0,25.31399
2455836.7956306,0.779517,1.007293,-40564.223226,1.06098,12.86,6.3,-2.91,1.3,0.44855,0.29079,0.39038,6.81307,50.65518,-0.04,118.2,900.0053,183.C-0972(A),0.0,25.00179
2455839.8331764,2.51792,0.921144,-40562.615742,0.917534,6.53,7.8,4.59,1.4,0.44503,0.28917,0.39606,6.82001,50.60777,-0.04,111.8,900.0057,183.C-0972(A),0.0,24.27655
2455841.7720004,3.08531,1.116041,-40560.639481,1.121593,0.95,6.5,3.37,1.5,0.44943,0.29133,0.38305,6.81592,50.61862,-0.04,120.6,900.0055,183.C-0972(A),0.0,23.97812
2455843.8122383,-1.55233,0.902103,-40566.50681,1.022904,16.05,5.4,0.94,1.1,0.44401,0.28994,0.39123,6.817,50.63564,-0.04,139.8,900.0055,183.C-0972(A),0.0,23.39594
2455845.8505135,-7.59049,1.205118,-40571.356986,1.135818,1.88,8.8,2.35,2.2,0.44344,0.29089,0.39176,6.81122,50.60518,-0.03,80.4,900.0055,183.C-0972(A),0.0,22.7815
2455870.7570095,-5.5349,1.065384,-40568.936517,1.058716,5.86,5.8,-7.17,1.2,0.44345,0.28744,0.385,6.81372,50.69464,-0.05,125.3,900.0056,183.C-0972(A),0.0,14.52325
2455872.7272333,-0.693973,1.104056,-40564.254569,1.164638,14.18,5.9,-9.7,1.6,0.44554,0.2869,0.38312,6.81262,50.70032,-0.04,101.7,900.0051,183.C-0972(A),0.0,13.77934
2455875.7493861,4.82624,0.895756,-40558.632653,0.936429,2.71,5.7,-3.21,1.0,0.446,0.28641,0.39452,6.81455,50.65048,-0.04,128.3,899.9997,183.C-0972(A),0.0,12.44187
2455880.7235168,1.25993,1.001183,-40562.419159,1.058558,12.34,4.8,-1.83,0.9,0.44671,0.28631,0.39354,6.81783,50.66849,-0.04,163.6,900.0052,183.C-0972(A),0.0,10.31955
2455887.7069224,6.12225,1.149435,-40557.874383,0.973651,3.43,8.8,-13.14,2.1,0.4474,0.28988,0.39365,6.80882,50.70237,-0.05,84.2,900.0052,183.C-0972(A),0.0,7.14098
2455894.7022557,-9.18728,1.026094,-40573.464289,1.067503,13.52,4.4,-3.96,0.9,0.44353,0.28973,0.38358,6.81537,50.66196,-0.05,153.4,900.0055,183.C-0972(A),0.0,3.78486
2455895.6984036,0.624142,1.160822,-40563.806304,1.148772,1.91,6.9,-2.78,1.6,0.445,0.2867,0.39203,6.81719,50.6449,-0.04,107.3,900.0057,183.C-0972(A),0.0,3.30889
2455896.6933559,-6.37971,1.01333,-40570.009871,0.95961,9.97,7.3,1.24,1.8,0.4414,0.29571,0.38546,6.81867,50.60373,-0.04,97.7,900.0054,183.C-0972(A),0.0,2.83579
2455897.6839326,0.157912,0.867402,-40563.600322,0.895858,18.38,5.9,-1.8,1.3,0.44764,0.29069,0.39302,6.81572,50.63683,-0.04,121.0,900.0051,183.C-0972(A),0.0,2.37521
2455898.7785038,3.19454,0.887888,-40560.150064,0.799974,3.18,7.3,1.49,1.4,0.44563,0.29011,0.39292,6.81674,50.6101,-0.04,113.1,900.0057,183.C-0972(A),0.0,1.60324
2455899.6128366,-0.519436,0.728195,-40565.420817,0.685908,2.62,4.8,0.14,0.9,0.44757,0.28948,0.39431,6.81696,50.61319,-0.05,139.6,900.0058,183.C-0972(A),0.0,1.59715
2455899.7956667,-0.006569,0.725396,-40563.63588,0.689554,1.28,5.3,-0.4,1.1,0.44282,0.28821,0.38481,6.81753,50.61908,-0.05,137.3,899.9997,183.C-0972(A),0.0,1.06686
2455900.634155,2.74755,0.929916,-40560.460837,0.874994,-0.08,5.6,-2.76,1.1,0.44278,0.28764,0.38594,6.81349,50.64042,-0.05,137.6,900.0053,183.C-0972(A),0.0,1.05146
2455900.8162972,6.42598,1.032178,-40557.400339,0.942802,-1.08,6.7,-1.11,1.2,0.4472,0.29245,0.38447,6.8175,50.63929,-0.04,111.7,900.0053,183.C-0972(A),0.0,0.52488
2455901.6979318,-3.62248,1.117394,-40566.488983,1.124301,6.29,6.1,-1.38,1.1,0.4421,0.29635,0.38226,6.81538,50.62772,-0.05,115.8,900.0055,183.C-0972(A),0.0,0.37448
2455902.8149485,0.306987,0.822577,-40562.977339,0.691784,3.92,5.3,-2.21,1.3,0.44324,0.28936,0.38733,6.81581,50.63107,-0.05,127.3,900.0054,183.C-0972(A),0.0,-0.4483
2455923.615781,4.83298,1.064541,-40558.364257,0.880419,8.77,8.7,-4.02,1.9,0.44999,0.28768,0.39774,6.81365,50.62408,-0.05,86.1,900.0001,183.C-0972(A),0.0,-9.98934
2455923.7239849,5.7784,0.741645,-40555.731204,0.657833,-5.84,5.3,0.12,1.2,0.44718,0.28147,0.39004,6.81789,50.59274,-0.04,141.6,900.0002,183.C-0972(A),0.0,-10.30699
2455924.5689498,-3.44621,1.051994,-40566.442998,1.080414,7.14,4.6,-3.2,1.0,0.44468,0.284,0.38557,6.81323,50.62085,-0.04,145.5,900.0057,183.C-0972(A),0.0,-10.31494
2455924.7386312,-2.45149,1.019074,-40566.014732,1.061123,2.55,4.9,-1.46,1.0,0.44824,0.29056,0.39398,6.81544,50.61087,-0.04,162.7,899.9998,183.C-0972(A),0.0,-10.80442
2455925.6175684,-1.10465,0.944703,-40564.268732,1.015071,4.54,5.2,-0.63,1.2,0.44661,0.29028,0.39261,6.81736,50.61956,-0.04,136.9,900.0051,183.C-0972(A),0.0,-10.9113
2455925.7319154,1.17569,0.945666,-40560.724624,1.01552,4.76,5.0,1.29,0.9,0.44289,0.28491,0.3839,6.8167,50.60862,-0.04,138.9,899.9998,183.C-0972(A),0.0,-11.242
2455927.6541885,-1.68751,1.029344,-40563.978659,0.925637,3.96,7.4,-0.85,1.7,0.45002,0.28081,0.38937,6.81872,50.59829,-0.04,101.1,900.0055,183.C-0972(A),0.0,-11.92202
2455932.6854759,0.704881,0.796501,-40560.677005,0.7503,-5.15,6.0,-0.01,1.1,0.44931,0.28029,0.39006,6.81734,50.59419,-0.05,143.0,900.0003,183.C-0972(A),0.0,-14.18956
2455941.6309469,2.38162,0.797404,-40559.057996,0.75017,1.76,4.9,-3.07,1.1,0.44235,0.28444,0.39278,6.81365,50.63775,-0.04,156.0,900.0058,183.C-0972(A),0.0,-17.67156
2455950.6429319,-6.36834,0.97239,-40569.260095,1.095402,1.23,5.2,-1.79,1.0,0.44746,0.28456,0.39387,6.81713,50.62678,-0.05,134.0,900.0058,183.C-0972(A),0.0,-20.92667
2455987.5497518,2.11927,1.218204,-40560.773436,1.190445,5.55,7.1,-4.76,1.5,0.44726,0.2892,0.38444,6.81583,50.63927,-0.04,94.8,899.9995,183.C-0972(A),0.0,-27.70528
2455989.562763,-3.28527,0.904751,-40565.707499,0.946587,-3.7,6.1,0.38,1.2,0.44714,0.2904,0.39394,6.81718,50.5906,-0.04,125.0,899.9997,183.C-0972(A),0.0,-27.79149
2455996.5074051,-1.33217,0.842777,-40564.935164,0.898592,-9.87,4.7,-3.32,1.2,0.44966,0.28697,0.38979,6.81989,50.63707,-0.05,142.4,899.9941,183.C-0972(A),0.0,-27.62335
2456000.5261451,5.06704,0.944746,-40556.886163,0.892542,-7.36,5.3,-1.82,1.0,0.44853,0.28309,0.3877,6.81651,50.62224,-0.05,141.4,900.0001,183.C-0972(A),0.0,-27.46897
2456003.5069473,-7.66524,1.038753,-40569.314056,1.173258,-6.63,7.4,-2.9,1.5,0.44715,0.2821,0.39458,6.82084,50.62045,-0.04,101.5,899.9996,183.C-0972(A),0.0,-27.19784
2456010.487098,3.12679,0.876481,-40560.668983,0.896153,-1.04,6.2,-0.04,1.4,0.44862,0.28464,0.3941,6.81892,50.60314,-0.05,123.5,899.9998,183.C-0972(A),0.0,-26.32497
2456011.4872691,-3.08735,0.864954,-40565.859068,0.855812,1.06,6.2,-1.06,1.3,0.44865,0.28973,0.38611,6.81381,50.6185,-0.04,134.4,899.9939,183.C-0972(A),0.0,-26.17348
2456021.4726743,4.86527,1.212989,-40559.013217,1.102954,14.39,7.8,9.94,1.9,0.44966,0.28893,0.39883,6.81909,50.45845,-0.05,83.7,899.9999,183.C-0972(A),0.0,-24.21311
2456022.4913437,2.57204,1.028036,-40558.937583,0.875725,-4.17,7.4,-1.21,2.0,0.44534,0.28371,0.39326,6.81647,50.5912,-0.05,91.5,900.0054,183.C-0972(A),0.0,-24.0137
2456023.469554,7.04029,1.206636,-40555.449522,1.182932,3.82,7.9,8.51,1.7,0.44283,0.29314,0.38793,6.8151,50.49928,-0.04,96.2,899.9997,183.C-0972(A),0.0,-23.7398
2456024.4720192,-2.91536,1.151524,-40565.870049,1.145686,-0.12,6.1,3.1,1.2,0.44683,0.28594,0.39403,6.81963,50.55818,-0.05,112.1,900.0053,183.C-0972(A),0.0,-23.50114
2456025.4718319,0.453722,1.280816,-40570.754948,1.26761,4.03,9.4,5.43,2.7,0.44834,0.28628,0.39258,6.88095,49.27854,-0.05,83.3,899.9998,183.C-0972(A),0.0,-23.25178
2456026.4771726,1.13275,1.166363,-40562.718169,1.065004,21.96,9.2,-3.39,1.8,0.44667,0.29215,0.38981,6.8207,50.62387,-0.04,85.0,899.9996,183.C-0972(A),0.0,-23.00528
2456030.4729215,2.93762,1.443162,-40559.470697,1.327271,13.66,10.1,0.49,2.3,0.45278,0.28477,0.39973,6.81956,50.51606,-0.04,73.6,899.9939,183.C-0972(A),0.0,-21.91419
2456032.4608217,-1.32069,1.383705,-40564.325173,1.333343,-0.05,11.8,32.25,2.8,0.44928,0.29164,0.38976,6.80803,50.25317,-0.05,73.4,899.9939,183.C-0972(A),0.0,-21.31497
2456150.8967606,5.40526,1.316652,-40557.987728,1.230486,-5.37,10.3,3.03,2.2,0.44913,0.29882,0.37886,6.82253,50.6307,-0.05,78.8,900.0004,183.C-0972(A),0.0,24.6786
2456158.8868563,1.79563,1.082503,-40565.115596,1.141777,1.72,6.7,4.5,1.2,0.44496,0.29261,0.38475,6.82002,50.59589,-0.04,112.5,900.0002,183.C-0972(A),0.0,26.04045
2456166.9239961,7.72073,1.051309,-40557.282748,0.98005,15.14,6.8,2.49,1.6,0.44792,0.29118,0.38328,6.81486,50.60337,-0.04,103.4,900.0003,183.C-0972(A),0.0,26.80348
2456171.8990717,3.211,0.983364,-40561.943335,0.911463,-4.12,6.9,3.48,1.3,0.4444,0.29697,0.38296,6.82009,50.59083,-0.05,117.3,899.9996,183.C-0972(A),0.0,27.14363
2456182.8589273,-0.832558,1.276603,-40566.291679,1.218585,-12.19,7.9,1.1,1.9,0.44366,0.28989,0.38217,6.81473,50.60131,-0.05,80.5,900.0,183.C-0972(A),0.0,27.21269
2456186.8370496,10.282,1.113751,-40555.644772,0.936106,-12.91,7.7,-1.76,1.7,0.44448,0.29043,0.38512,6.82027,50.66549,-0.05,122.9,899.9997,183.C-0972(A),0.0,27.01611
2456193.8671023,-7.36482,1.169038,-40572.004228,1.154796,-6.48,8.1,-0.57,1.3,0.44336,0.29382,0.38355,6.816,50.64254,-0.04,106.3,900.0062,183.C-0972(A),0.0,26.18364
2456196.8790319,-2.92776,0.992399,-40566.678734,0.925094,-2.77,6.0,0.45,1.1,0.44698,0.28832,0.38413,6.8147,50.63651,-0.05,130.5,900.0064,183.C-0972(A),0.0,25.70912
2456219.8815328,2.65657,1.047506,-40559.957766,1.034353,-5.72,6.6,-0.22,1.3,0.44198,0.28802,0.38188,6.81804,50.66411,-0.05,115.1,900.0,183.C-0972(A),0.0,20.15838
2456220.8463321,-1.19771,1.020777,-40564.335956,1.118498,-6.22,6.8,-6.5,1.4,0.4423,0.28909,0.38424,6.81538,50.67817,-0.04,118.7,899.9999,183.C-0972(A),0.0,19.9312
2456225.8645998,-4.55529,1.20618,-40567.347329,1.168811,-8.2,7.6,-3.45,1.8,0.44238,0.28834,0.39173,6.82197,50.67334,-0.04,101.9,900.0003,183.C-0972(A),0.0,18.16088
2456230.7591903,6.80801,0.791955,-40558.274847,0.699645,5.0,6.3,-0.38,1.3,0.44439,0.29419,0.39045,6.81886,50.65465,-0.05,131.3,899.9992,183.C-0972(A),0.0,16.6159
2456231.7555764,-1.69363,0.817747,-40566.843479,0.767039,-4.1,6.7,-2.39,1.4,0.44295,0.28691,0.38367,6.81679,50.64575,-0.05,118.2,899.9997,183.C-0972(A),0.0,16.24159
2456235.7015076,2.64276,1.060247,-40561.633858,0.99464,-0.74,7.8,-1.06,1.6,0.44309,0.28723,0.3921,6.81453,50.62612,-0.05,114.3,900.0063,183.C-0972(A),0.0,14.80241
2456237.7268352,-0.795219,1.122865,-40564.572444,1.127585,0.08,7.3,0.09,1.6,0.44228,0.28712,0.38494,6.81069,50.62128,-0.05,117.6,900.0076,183.C-0972(A),0.0,13.91213
2456239.679103,-2.48156,1.094219,-40565.81106,1.141183,2.64,8.3,0.49,1.6,0.44783,0.28729,0.38515,6.81504,50.62175,-0.04,99.1,900.0061,183.C-0972(A),0.0,13.19756
2456246.6395131,-9.93353,1.190591,-40573.994255,0.913571,-9.79,7.8,1.31,1.4,0.44451,0.28776,0.3916,6.82449,50.60793,-0.04,105.3,900.0008,183.C-0972(A),0.0,10.20896
2456256.7149399,-2.40124,1.135341,-40565.817221,1.135479,-4.34,7.5,1.36,1.3,0.4484,0.29417,0.38381,6.81793,50.60307,-0.05,113.4,899.9988,183.C-0972(A),0.0,5.32155
2456257.7841441,-3.28777,1.021532,-40568.066862,1.146036,-7.25,6.2,2.47,1.3,0.44352,0.28872,0.39316,6.82533,50.58089,-0.04,108.0,900.0,183.C-0972(A),0.0,4.63521
2456258.6780504,-0.078901,1.106411,-40562.78425,1.099557,-4.68,8.6,5.14,1.3,0.44711,0.2944,0.38593,6.82076,50.59029,-0.05,107.8,900.0076,183.C-0972(A),0.0,4.47175
2456259.6809537,-4.92808,0.925548,-40569.266084,0.858925,1.72,6.8,4.52,1.2,0.44242,0.28928,0.3913,6.8161,50.59539,-0.04,122.7,900.0061,183.C-0972(A),0.0,3.98169
2456261.7555496,6.17017,1.701839,-40559.266816,1.528702,-12.55,12.7,48.7,3.3,0.44347,0.2983,0.3902,6.81302,50.1209,-0.05,59.9,900.0004,183.C-0972(A),0.0,2.78967
2456262.779323,-1.52246,0.84077,-40564.235437,0.832008,-8.54,6.8,1.79,1.2,0.44874,0.29295,0.38743,6.82052,50.59662,-0.04,126.3,900.0005,183.C-0972(A),0.0,2.23488
2456263.6622234,6.26155,1.162914,-40557.740937,0.981994,6.3,7.6,0.46,1.9,0.44364,0.29852,0.38519,6.82302,50.61278,-0.04,89.6,900.0007,183.C-0972(A),0.0,2.09749
2456264.7706796,-0.901632,1.023625,-40563.648204,1.066011,-18.55,6.2,6.14,1.1,0.44324,0.29635,0.3863,6.82398,50.56981,-0.04,154.1,900.0006,183.C-0972(A),0.0,1.28565
2456270.6459108,-7.4739,1.149761,-40570.258687,1.143003,2.54,8.2,1.69,1.5,0.44677,0.28869,0.38341,6.82023,50.61284,-0.04,111.7,900.0008,183.C-0972(A),0.0,-1.28615
2456271.6213397,0.727055,1.103662,-40562.40533,1.114374,-3.1,6.3,-2.85,1.7,0.44645,0.28789,0.38463,6.8204,50.65889,-0.05,124.1,900.0006,183.C-0972(A),0.0,-1.70852
2456282.6912662,1.67449,1.004034,-40561.418165,1.132821,-6.81,7.8,1.87,1.3,0.44851,0.28911,0.38565,6.8217,50.59913,-0.05,114.9,900.0007,183.C-0972(A),0.0,-7.27524
2456284.6900321,8.75764,0.993683,-40554.010802,1.063298,-21.55,7.4,5.89,1.4,0.44715,0.28899,0.38498,6.82179,50.56071,-0.04,128.6,900.0008,183.C-0972(A),0.0,-8.21802
2456285.6586863,1.26273,0.921393,-40561.735482,0.980809,-7.47,7.4,4.22,1.3,0.44451,0.28616,0.39387,6.82111,50.59608,-0.04,128.7,900.0006,183.C-0972(A),0.0,-8.59321
2456286.6388903,8.55316,1.046754,-40553.524345,1.079992,-5.53,6.0,6.45,1.1,0.44768,0.28681,0.38546,6.82315,50.57004,-0.04,145.4,900.0006,183.C-0972(A),0.0,-9.00004
2456287.6719274,0.409376,1.185166,-40561.983159,1.203105,-2.2,8.1,-4.75,2.0,0.44468,0.28792,0.38674,6.82297,50.63534,-0.05,91.3,900.0009,183.C-0972(A),0.0,-9.5631
2456289.689375,-0.378201,1.123916,-40561.044037,1.125958,-13.77,6.9,-2.28,1.4,0.44348,0.28551,0.38436,6.81614,50.61531,-0.05,114.0,900.0008,183.C-0972(A),0.0,-10.53246
2456290.6227847,-7.57833,1.070537,-40572.106285,1.036347,-8.74,8.2,-0.23,1.6,0.44819,0.28982,0.39086,6.81642,50.60079,-0.05,98.2,900.0006,183.C-0972(A),0.0,-10.78859
2456290.6294372,-22.8419,3.307977,-40585.163295,3.166567,50.82,28.0,11.72,8.0,0.44137,0.28872,0.38581,6.81788,50.41319,-0.04,29.3,100.0006,090.C-0849(A),0.0,-10.80851
2456290.6309584,-24.5323,2.990544,-40587.537512,2.866297,63.98,27.4,14.95,7.1,0.44683,0.28463,0.39456,6.8227,50.35929,-0.06,32.1,100.0006,090.C-0849(A),0.0,-10.81307
2456290.6324629,-23.7038,2.674309,-40585.929986,2.522305,36.51,21.2,6.77,5.4,0.44516,0.29574,0.39449,6.82024,50.48219,-0.03,35.8,100.0007,090.C-0849(A),0.0,-10.81759
2456290.6340248,-20.2114,2.93183,-40584.238074,2.808856,2.2,22.5,17.77,6.8,0.44764,0.29096,0.39042,6.83666,50.42794,-0.05,32.8,100.0007,090.C-0849(A),0.0,-10.82228
2456290.6355542,-21.6254,2.874623,-40587.112386,2.736357,2.68,25.0,6.91,6.7,0.44289,0.29032,0.39209,6.82438,50.37602,-0.06,33.5,100.0006,090.C-0849(A),0.0,-10.82687
2456290.6370693,-22.8423,2.931833,-40583.072624,2.803685,16.41,25.1,10.4,6.5,0.44595,0.28983,0.40144,6.82121,50.38054,-0.06,32.8,100.0006,090.C-0849(A),0.0,-10.83142
2456290.638609,-27.0684,2.807624,-40594.237253,2.669172,-1.32,24.4,18.4,6.7,0.44305,0.28621,0.39478,6.83476,50.42348,-0.04,34.2,100.0006,090.C-0849(A),0.0,-10.83605
2456291.6423027,-2.84816,0.899676,-40564.179749,1.125208,-15.82,6.8,1.67,1.5,0.44437,0.2851,0.38607,6.8186,50.57792,-0.04,114.0,900.0007,183.C-0972(A),0.0,-11.29872
2456292.6084963,-8.72261,1.146676,-40569.80803,1.142303,-3.45,7.6,-1.36,1.2,0.44795,0.29065,0.39331,6.81906,50.60443,-0.04,109.9,900.0007,183.C-0972(A),0.0,-11.64605
2456304.6676198,1.59868,1.101735,-40558.551687,1.114471,-15.34,7.3,0.13,1.4,0.45005,0.28015,0.39546,6.81895,50.61367,-0.04,121.0,900.0013,183.C-0972(A),0.0,-16.91134
2456306.5987335,1.84619,1.094787,-40560.202035,1.110139,-3.04,7.2,3.81,1.4,0.44753,0.27931,0.38886,6.82358,50.58695,-0.04,124.8,900.0009,183.C-0972(A),0.0,-17.49562
2456308.5763077,-1.59963,1.096021,-40563.184581,1.111574,-3.31,8.2,-1.58,1.1,0.44685,0.28954,0.38651,6.81948,50.63263,-0.04,123.1,900.001,183.C-0972(A),0.0,-18.18812
2456310.6528153,-1.95224,0.891051,-40565.033318,0.75621,-9.48,6.4,2.71,1.4,0.4484,0.28317,0.38834,6.82113,50.58973,-0.04,125.5,900.001,183.C-0972(A),0.0,-19.13866
2456312.6318613,1.91355,1.119782,-40561.802123,1.110483,-7.62,8.7,0.38,1.6,0.45303,0.28631,0.39682,6.82202,50.57966,-0.05,99.1,900.0008,183.C-0972(A),0.0,-19.78712
2456314.6242896,-2.02807,1.134998,-40564.568881,1.135732,0.95,7.3,4.66,1.4,0.44998,0.29054,0.38947,6.82057,50.57755,-0.05,113.1,900.001,183.C-0972(A),0.0,-20.44645
2456317.6214717,4.73651,0.855433,-40557.4352,0.88796,-14.88,5.8,-0.1,1.4,0.44831,0.29201,0.38698,6.82201,50.63491,-0.04,122.0,900.001,183.C-0972(A),0.0,-21.41048
2456318.6040997,-5.42125,0.900808,-40568.425669,0.916595,-2.55,9.2,-1.11,1.4,0.44934,0.28555,0.39389,6.82065,50.60947,-0.04,122.0,900.0008,183.C-0972(A),0.0,-21.67386
2456321.591722,-4.22167,0.869126,-40566.786134,0.849891,-4.62,6.7,2.36,1.6,0.44712,0.28516,0.39143,6.81979,50.57533,-0.04,120.5,900.0008,183.C-0972(A),0.0,-22.53433
2456325.6406402,1.31915,1.114291,-40561.848201,1.046648,-11.53,7.7,3.7,2.0,0.44459,0.29151,0.38812,6.82053,50.54835,-0.04,86.1,900.0008,183.C-0972(A),0.0,-23.75992
2456353.5040788,6.71456,0.968259,-40555.871817,0.942386,-10.44,6.4,1.03,1.6,0.44557,0.28982,0.38679,6.82481,50.61262,-0.05,124.1,900.0006,183.C-0972(A),0.0,-27.60816
2456355.5575419,4.68176,0.960157,-40557.472275,1.000758,4.5,5.5,-1.35,1.5,0.44554,0.28942,0.39308,6.82352,50.59001,-0.04,121.0,900.0021,183.C-0972(A),0.0,-27.78954
2456357.559503,-6.85202,0.824945,-40568.956536,0.831024,-12.76,6.9,-1.73,1.4,0.44652,0.28935,0.39486,6.82074,50.63783,-0.05,138.4,900.0011,183.C-0972(A),0.0,-27.81583
2456361.5622468,-1.10208,1.185875,-40563.423836,1.220774,-16.76,7.2,3.62,1.9,0.44654,0.28824,0.39244,6.82255,50.55114,-0.05,88.5,700.0009,183.C-0972(A),0.0,-27.76096
2456365.4918575,-2.25971,0.895191,-40564.741037,0.944255,-13.48,5.8,6.47,1.2,0.44371,0.28426,0.38733,6.82194,50.55657,-0.04,141.9,900.0008,183.C-0972(A),0.0,-27.41609
2456369.5012989,-3.10527,0.803051,-40565.860913,0.833075,-13.48,5.5,0.18,1.2,0.44639,0.28373,0.39465,6.82119,50.59057,-0.05,146.5,900.0009,183.C-0972(A),0.0,-27.1041
2456371.5039059,3.16597,0.812076,-40558.682358,0.707803,-11.31,7.8,1.98,1.4,0.44687,0.29125,0.38507,6.82115,50.58295,-0.05,120.6,900.0008,183.C-0972(A),0.0,-26.89353
2456372.5009336,-2.74354,0.864008,-40565.466392,0.7822,-4.09,7.0,3.02,1.5,0.44881,0.28427,0.38559,6.82322,50.56826,-0.04,126.5,900.0009,183.C-0972(A),0.0,-26.76769
2456373.4875363,9.77742,0.782167,-40553.065842,0.672602,-12.97,6.8,6.2,1.3,0.4471,0.28462,0.39477,6.82029,50.5542,-0.04,130.2,900.0007,183.C-0972(A),0.0,-26.61274
2456374.4839543,5.72762,0.814287,-40557.717218,0.795947,-13.26,7.2,11.11,1.4,0.44472,0.28456,0.39538,6.82238,50.50476,-0.04,130.6,900.0008,183.C-0972(A),0.0,-26.47065
2456515.9271787,-1.06108,1.040743,-40566.578194,1.0154,11.83,6.3,3.21,1.7,0.44448,0.29,0.38606,6.81959,50.63685,-0.05,124.1,900.0005,091.C-0936(A),0.0,24.59139
2456518.9374855,6.60456,1.207486,-40556.705548,1.178073,-10.45,7.1,20.07,1.6,0.44504,0.29185,0.39309,6.82292,50.44516,-0.05,100.0,900.0002,091.C-0936(A),0.0,25.11853
2456538.8873193,-0.206316,1.233867,-40562.988069,1.142066,-7.21,7.6,7.6,1.6,0.44345,0.2926,0.38495,6.82432,50.60457,-0.04,95.8,899.9999,091.C-0936(A),0.0,27.25421
2456543.8794597,-5.11157,1.017141,-40568.6021,0.926959,-6.08,7.1,3.71,1.7,0.4453,0.29167,0.38511,6.81779,50.61755,-0.05,115.0,900.001,091.C-0936(A),0.0,27.3009
2456544.8991762,0.750326,1.430567,-40564.077316,1.07412,1.56,9.1,6.0,2.4,0.44776,0.29116,0.38418,6.82662,50.60979,-0.05,73.8,900.001,091.C-0936(A),0.0,27.23308
2456570.8568927,3.35732,1.088505,-40561.582251,1.105811,-2.09,5.9,4.61,1.5,0.45033,0.2895,0.38187,6.82227,50.61338,-0.04,128.7,1000.0008,192.C-0852(A),0.0,24.13283
2456585.7984328,5.75681,1.097763,-40558.303055,1.142531,-0.55,6.8,8.81,1.7,0.44516,0.28938,0.38371,6.82406,50.59934,-0.05,111.2,900.0015,192.C-0852(A),0.0,20.15416
2456586.7952536,-3.33408,1.034127,-40566.81126,1.034423,-11.94,8.0,8.07,1.7,0.44433,0.29663,0.38678,6.82345,50.59306,-0.04,90.5,900.0009,192.C-0852(A),0.0,19.83748
2456590.8551691,-2.95487,1.11975,-40566.452627,1.091843,4.04,7.2,6.24,1.9,0.44479,0.29081,0.38584,6.82608,50.57784,-0.05,88.2,900.0003,192.C-0852(A),0.0,18.30119
2456600.7947454,-8.54583,0.924976,-40571.09337,0.892451,1.36,5.6,2.16,1.6,0.44373,0.28826,0.3862,6.82273,50.64044,-0.04,118.3,900.0017,192.C-0852(A),0.0,14.64904
2456602.8040278,-12.5025,0.867751,-40576.680088,0.786018,7.41,5.3,5.17,1.4,0.44352,0.28963,0.38177,6.82291,50.60871,-0.04,124.0,900.0014,192.C-0852(A),0.0,13.78986
2456610.7078846,-1.53179,1.037986,-40566.88196,1.135242,3.79,7.2,4.03,1.7,0.44623,0.28885,0.38545,6.82239,50.59828,-0.05,114.0,899.9999,192.C-0852(A),0.0,10.59095
2456613.7213965,1.3453,1.056123,-40563.375956,0.92405,13.38,7.2,4.06,1.7,0.44364,0.28949,0.385,6.82083,50.60633,-0.05,106.6,900.001,192.C-0852(A),0.0,9.19472
2456617.6967828,-0.865457,1.020962,-40564.241992,0.978963,1.37,6.2,4.05,1.6,0.44571,0.28942,0.38776,6.81607,50.61086,-0.05,110.2,900.0007,192.C-0852(A),0.0,7.41709
2456686.6296725,-4.26971,1.210968,-40568.890883,0.974427,7.4,8.3,2.64,2.2,0.44665,0.28409,0.39357,6.82754,50.59264,-0.05,78.9,900.0005,192.C-0852(A),0.0,-22.57361
2456931.8841291,-11.397,0.886304,-40576.683432,0.831829,13.11,6.3,7.4,1.5,0.44925,0.29224,0.38284,6.82326,50.59732,-0.05,118.1,900.001,192.C-0852(A),0.0,24.92851
2457034.6423307,-7.84007,0.859965,-40570.819853,0.924124,3.95,6.4,2.83,1.6,0.44426,0.28488,0.38508,6.82395,50.60956,-0.05,110.1,900.0025,192.C-0852(A),0.0,-16.61039
2457295.8445333,-2.82903,1.022382,-40550.051443,1.095143,16.45,13.9,31.41,4.6,0.45113,0.29788,0.37987,6.84038,50.43259,-0.03,125.0,899.9983,192.C-0852(A),0.0,25.26852
2457356.7128961,-7.98472,0.776569,-40554.383725,0.757003,1.02,11.1,32.31,4.7,0.44543,0.28793,0.38128,6.84424,50.41536,-0.03,106.9,899.9983,192.C-0852(A),0.0,3.30994
2457372.6914895,1.00903,0.852763,-40544.563258,0.815356,6.61,9.7,27.22,5.1,0.44602,0.28876,0.38166,6.83929,50.44738,-0.03,116.8,899.9983,192.C-0852(A),0.0,-4.48415
2457391.6888972,6.5242,0.534725,-40539.877382,0.542385,9.83,7.8,23.67,4.5,0.44919,0.28454,0.39099,6.83719,50.45298,-0.03,182.7,899.9983,192.C-0852(A),0.0,-13.30328
2457398.7115991,0.351227,0.751143,-40545.260382,0.723344,13.03,10.1,22.42,4.5,0.44636,0.28365,0.39172,6.83502,50.4599,-0.03,154.7,899.9983,192.C-0852(A),0.0,-16.31344
2457422.6051006,-3.93105,0.631412,-40549.815799,0.709822,6.05,9.0,20.65,4.7,0.44934,0.29233,0.38437,6.83634,50.46749,-0.03,178.5,899.9982,192.C-0852(A),0.0,-23.98755
2457465.5237961,0.466989,0.690457,-40545.663259,0.667152,9.94,7.7,23.4,4.7,0.44918,0.28942,0.38515,6.83812,50.45244,-0.03,142.7,899.9982,192.C-0852(A),0.0,-27.1098
