bjd,rv_ms,err_ms,n_spectra
2455164.64583,-7.01100,1.48661,1.00000
2455165.65678,-8.13300,1.45871,1.00000
2455168.61324,-1.64500,1.46236,1.00000
2455169.63791,6.90400,1.46309,1.00000
2455224.61736,-2.28300,1.46894,1.00000
2455238.51724,2.93400,1.23928,1.00000
2455239.52523,-5.66700,1.33936,1.00000
2455241.63358,1.49100,1.51044,1.00000
2455243.58332,7.86400,1.32090,1.00000
2455248.57227,4.65700,1.49254,1.00000
2455275.49927,-9.26000,1.47996,1.00000
2455276.49149,-0.27000,1.39456,1.00000
2455282.49374,1.87100,1.42415,1.00000
2455283.51260,-6.12700,1.27193,1.00000
2455284.50066,1.66600,1.29005,1.00000
2455287.48251,6.42200,1.25240,1.00000
2455289.01427,6.56976,0.92120,2.00000
2455290.48359,6.85300,1.23516,1.00000
2455291.49461,4.70200,1.29830,1.00000
2455292.47756,9.55700,1.48291,1.00000
2455293.47214,0.59700,1.26455,1.00000
2455294.48805,1.97400,1.40224,1.00000
2455295.48805,-0.01500,1.44783,1.00000
2455296.47864,-4.10800,1.46090,1.00000
2455297.47742,2.38000,1.46382,1.00000
2455298.47308,-4.62600,1.38553,1.00000
2455299.46991,1.92200,1.42272,1.00000
2455300.47335,5.19300,1.46309,1.00000
2455301.46727,-0.79700,1.34871,1.00000
2455410.94717,0.09100,1.59922,1.00000
2455437.89229,1.21200,1.47040,1.00000
2455453.88083,4.70600,1.51720,1.00000
2455456.85758,-1.15200,1.41421,1.00000
2455482.84910,-4.30500,1.43487,1.00000
2455485.79433,-5.02100,1.47775,1.00000
2455488.81727,1.87200,1.43846,1.00000
2455505.77906,-5.25000,1.49031,1.00000
2455506.86717,2.96400,1.47260,1.00000
2455507.73937,-5.45300,1.45726,1.00000
2455509.75132,4.76300,1.46967,1.00000
2455512.71846,-3.83900,1.46528,1.00000
2455513.80273,-7.07300,1.55285,1.00000
2455514.72993,-0.98500,1.48143,1.00000
2455523.73151,-0.01100,1.35275,1.00000
2455538.62049,-6.46000,1.41421,1.00000
2455542.67561,5.19800,1.50669,1.00000
2455545.71119,9.29400,1.43918,1.00000
2455549.71441,-0.92700,1.43343,1.00000
2455551.69453,-3.84200,1.50221,1.00000
2455579.68204,-1.70900,1.38830,1.00000
2455580.65199,3.91300,1.37313,1.00000
2455586.60527,1.12300,1.46017,1.00000
2455611.57599,1.88700,1.34403,1.00000
2455614.51167,-1.05600,1.37519,1.00000
2455622.53163,4.89500,1.34536,1.00000
2455627.53079,-2.86900,1.48661,1.00000
2455632.53019,4.35000,1.50296,1.00000
2455633.50256,-2.48800,1.39316,1.00000
2455634.52903,3.09900,1.39247,1.00000
2455635.51434,0.11500,1.36493,1.00000
2455637.53035,-1.00400,2.15860,1.00000
2455653.48924,-1.55000,1.43918,1.00000
2455803.89085,-3.51300,2.10649,1.00000
2455804.92017,-9.75200,1.36902,1.00000
2455805.87240,0.54400,1.36289,1.00000
2455806.91580,-2.97800,1.33471,1.00000
2455808.88885,8.31100,1.44061,1.00000
2455810.89358,4.93100,1.46747,1.00000
2455814.89255,-5.41900,1.47701,1.00000
2455829.87823,1.75400,1.29766,1.00000
2455834.82466,2.46600,1.41139,1.00000
2455836.79640,0.76100,1.43846,1.00000
2455839.83394,2.51200,1.36698,1.00000
2455841.77277,3.04800,1.50819,1.00000
2455843.81300,-1.46500,1.36018,1.00000
2455845.85128,-7.66000,1.58521,1.00000
2455870.75778,-7.15300,1.48809,1.00000
2455872.72800,-0.54600,1.53154,1.00000
2455875.75015,4.72600,1.35477,1.00000
2455880.72428,0.95600,1.43630,1.00000
2455887.70769,5.99400,1.59844,1.00000
2455894.70302,-10.14100,1.44494,1.00000
2455895.69917,0.36100,1.54217,1.00000
2455896.69412,-6.61500,1.43774,1.00000
2455897.68470,-0.19800,1.31568,1.00000
2455898.77927,3.10600,1.35612,1.00000
2455899.70510,-0.39675,0.89851,2.00000
2455900.72131,4.29174,0.99015,2.00000
2455901.69870,-3.89300,1.50894,1.00000
2455902.81571,0.11100,1.30278,1.00000
2455923.67908,5.20503,0.95623,2.00000
2455924.65592,-3.03053,1.02524,2.00000
2455925.67548,-0.02157,0.99427,2.00000
2455927.65495,-1.63400,1.45871,1.00000
2455932.68624,0.50200,1.29321,1.00000
2455941.63171,2.26300,1.27626,1.00000
2455950.64370,-6.40900,1.38622,1.00000
2455987.55052,2.15500,1.58521,1.00000
2455989.56353,-3.37400,1.36086,1.00000
2455996.50817,-1.27100,1.30792,1.00000
2456000.52691,5.15000,1.37587,1.00000
2456003.50771,-7.57400,1.44566,1.00000
2456010.48786,3.22700,1.33207,1.00000
2456011.48804,-2.96900,1.32417,1.00000
2456021.47344,4.99600,1.57052,1.00000
2456022.49211,2.69000,1.43343,1.00000
2456023.47032,7.17800,1.57669,1.00000
2456024.47279,-1.75800,1.53381,1.00000
2456025.47260,0.68900,1.63142,1.00000
2456026.47794,1.30000,1.53760,1.00000
2456030.47369,3.08500,1.76386,1.00000
2456032.46159,-1.31700,1.73841,1.00000
2456150.89754,5.47900,1.65522,1.00000
2456158.88763,1.82600,1.47628,1.00000
2456166.92477,7.72500,1.46090,1.00000
2456171.89985,3.32100,1.42629,1.00000
2456182.85971,-0.90100,1.66800,1.00000
2456186.83783,10.36200,1.50669,1.00000
2456193.86788,-7.32500,1.54826,1.00000
2456196.87981,-3.45000,1.48365,1.00000
2456219.88231,2.81500,1.51344,1.00000
2456220.84711,-1.27100,1.47114,1.00000
2456225.86538,-4.59600,1.57592,1.00000
2456230.75997,6.74500,1.27007,1.00000
2456231.75635,-1.94100,1.29448,1.00000
2456235.70229,2.53400,1.45580,1.00000
2456237.72761,-0.84600,1.51344,1.00000
2456239.67988,-0.99200,1.58444,1.00000
2456246.64029,-10.10000,1.56436,1.00000
2456256.71572,-2.41000,1.52247,1.00000
2456257.78492,-3.59500,1.43487,1.00000
2456258.67883,-0.17300,1.54598,1.00000
2456259.68173,-5.12400,1.39804,1.00000
2456261.75633,6.13200,1.98180,1.00000
2456262.78010,-1.79800,1.34670,1.00000
2456263.66300,5.63800,1.60078,1.00000
2456264.77146,-1.02400,1.44133,1.00000
2456270.64669,-7.61100,1.53305,1.00000
2456271.62212,0.59800,1.49923,1.00000
2456282.69204,1.52600,1.46090,1.00000
2456284.69081,8.63800,1.41492,1.00000
2456285.65946,1.17400,1.36221,1.00000
2456286.63967,8.46800,1.45799,1.00000
2456287.67271,0.49900,1.58211,1.00000
2456289.69015,-0.45400,1.51419,1.00000
2456290.63054,-17.09401,0.91218,8.00000
2456291.64308,-2.92500,1.36561,1.00000
2456292.60927,-8.76800,1.53154,1.00000
2456304.66840,1.53600,1.49774,1.00000
2456306.59951,1.78800,1.49254,1.00000
2456308.57709,-1.66400,1.49402,1.00000
2456310.65359,-1.97500,1.36971,1.00000
2456312.63264,2.04700,1.52398,1.00000
2456314.62507,-2.16600,1.52247,1.00000
2456317.62225,4.62300,1.35409,1.00000
2456318.60488,-5.48600,1.35815,1.00000
2456321.59250,-4.46200,1.31568,1.00000
2456325.64142,1.26700,1.50969,1.00000
2456353.50486,6.84400,1.39038,1.00000
2456355.55832,4.75500,1.38414,1.00000
2456357.56028,-6.80100,1.29575,1.00000
2456361.56302,-1.03600,1.54979,1.00000
2456365.49264,-2.19000,1.34403,1.00000
2456369.50208,-3.02700,1.28313,1.00000
2456371.50468,3.25900,1.28816,1.00000
2456373.01800,3.88514,0.91788,2.00000
2456374.48473,5.83100,1.29005,1.00000
2456515.92796,-1.00200,1.44711,1.00000
2456518.93826,8.43800,1.57052,1.00000
2456538.88810,-0.06200,1.59766,1.00000
2456543.88024,-4.88900,1.40998,1.00000
2456544.89995,0.91300,1.75399,1.00000
2456570.85767,3.50900,1.48809,1.00000
2456585.79921,5.48500,1.53229,1.00000
2456586.79603,-3.31700,1.44422,1.00000
2456590.85595,-2.78000,1.57901,1.00000
2456600.79552,-8.67700,1.38000,1.00000
2456602.80481,-12.65100,1.37244,1.00000
2456610.70866,-2.32000,1.52096,1.00000
2456613.72217,1.17400,1.47996,1.00000
2456617.69756,-0.90200,1.45362,1.00000
2456686.63045,-4.81400,1.55515,1.00000
2456931.88491,-11.43400,1.33869,1.00000
2457034.64311,-7.88600,1.33207,1.00000
2457295.84532,-3.63400,1.52171,1.00000
2457356.71369,-8.05900,1.26638,1.00000
2457372.69228,0.75300,1.28000,1.00000
2457391.68969,6.36100,1.12345,1.00000
2457398.71239,0.14200,1.24522,1.00000
2457422.60589,-4.17000,1.18565,1.00000
2457465.52459,0.26800,1.18943,1.00000
