pl_name,hostname,tic,status,nsec,npts,baseline,P_pub,eP_pub,P_best,t0_best,depth_ppm,dur_h,tdur_central_h,snr,sde_vs_wide,wide_max_snr,ntr,depth_est_ppm,rms_ppm,snr_expected,ptransit,Tc_pred_btjd,pred_phase_offset,pred_sigma_phase,depth_at_pred_ppm,disc_year,tmag,depth_ratio,phase_ok,hit,weak,detectable
HD 215152 e,HD 215152,251042502.0,ok,3.0,7616.0,1380.6,25.1967,0.0505,25.11264089456869,2467.072,204.6,4.24,4.24,11.37,4.11,11.04,2.0,17569.8,146.0,3854.6,0.022,,,,,2018.0,7.204,0.011644981730014001,True,False,True,True
TOI-2141 d,TOI-2141,287256467.0,ok,4.0,10781.0,1495.8,60.45,0.25,61.17987371744278,1990.7221,636.4,2.11,7.02,11.03,4.69,11.03,2.0,3388.3,286.0,326.7,0.015,,,,,2025.0,8.8975,0.18782280199510076,True,False,True,True
GJ 876 c,GJ 876,188580272.0,ok,5.0,14221.0,2474.3,30.0881,0.0082,30.103175457202507,1364.1111,304.8,1.24,2.48,10.41,4.71,10.91,3.0,118274.4,167.0,21402.8,0.011,-6395.862,-0.092,0.081,1.5,2000.0,7.57703,0.002577058095412025,True,False,True,True
TOI-6041 c,TOI-6041,192415680.0,ok,3.0,9169.0,1845.2,88.0,1.6,87.1837134547681,1799.1075,472.2,3.7,7.39,8.91,4.17,8.81,2.0,27775.7,322.0,2221.8,0.011,,,,,2025.0,9.2063,0.01700047163527832,True,False,True,True
WASP-94 B b,WASP-94 B,92352621.0,ok,3.0,9865.0,1853.8,2.00839,0.00024,2.005336726385737,1326.1877,1649.6,4.03,2.88,70.71,0.92,386.6,38.0,5915.5,1148.0,563.5,0.188,,,,,2014.0,10.0103,0.2788606204040233,True,False,False,True
HD 153557 b,HD 153557,115582979.0,ok,5.0,16299.0,1523.7,7.29903,0.00033,7.298121171361868,1959.0738,244.6,3.97,2.84,39.18,0.82,94.23,16.0,7946.3,298.0,1372.9,0.051,-6454.69,-0.277,0.057,19.9,2022.0,6.9039,0.030781621635226457,False,False,False,True
HD 69830 c,HD 69830,307624961.0,ok,5.0,15457.0,2581.6,31.56,0.04,31.568327645051195,1516.0883,142.2,5.35,5.35,30.14,1.73,73.2,4.0,2953.2,66.0,1965.7,0.022,-3540.834,0.232,0.271,-19.2,2006.0,5.2656,0.0481511580658269,True,False,False,True
GJ 674 b,GJ 674,218263393.0,ok,6.0,18808.0,2576.0,4.6938,0.007,4.685179746835444,1630.486,235.9,1.17,1.57,26.99,0.62,96.8,26.0,16241.9,225.0,4488.2,0.044,-3220.388,0.464,2.05,-23.2,2007.0,7.15787,0.014524162813463942,True,False,False,True
tau Cet g,tau Cet,419015728.0,ok,3.0,11309.0,2602.1,20.0,0.02,20.02953736654804,1392.7997,43.2,2.22,4.44,22.49,2.53,30.96,4.0,166.4,38.0,221.7,0.029,,,,,2017.0,2.7459,0.25961538461538464,True,False,False,True
HD 9446 b,HD 9446,18277196.0,ok,2.0,6411.0,756.8,30.052,0.027,30.11510465116279,2867.1649,557.4,2.82,5.64,22.09,2.82,25.95,2.0,10663.5,247.0,1088.7,0.025,-2154.329,0.094,0.173,-59.5,2009.0,7.7764,0.052271768181178783,True,False,False,True
ups And b,ups And,189576919.0,ok,3.0,8763.0,1871.2,4.617033,2.3e-05,4.619352668753623,1765.5971,30.5,2.16,4.32,20.64,1.45,32.79,14.0,4388.7,52.0,7475.2,0.122,-6997.671,0.03,0.015,2.5,1996.0,3.6137,0.006949666188165061,True,False,False,True
HD 16417 b,HD 16417,122555698.0,ok,7.0,23358.0,2904.6,17.24,0.01,17.272684166666664,1391.5626,61.8,3.62,7.24,20.26,1.52,47.41,9.0,1808.9,93.0,1443.8,0.055,-6899.852,-0.059,0.391,0.9,2008.0,5.182,0.03416440930952512,True,False,False,True
GJ 887 c,GJ 887,155315739.0,ok,5.0,14454.0,2906.0,21.784,0.004,21.784046897739504,1363.6437,98.3,4.2,3.0,18.27,2.34,27.91,4.0,5254.5,100.0,2215.7,0.018,,,,,2020.0,5.5664,0.018707774288704918,True,False,False,True
Gl 725 A b,Gl 725 A,359676790.0,ok,16.0,47531.0,750.4,11.2201,0.0051,11.216931210951008,2916.9076,83.5,2.89,2.06,16.7,0.8,50.49,32.0,3434.6,219.0,388.8,0.024,1600.505,0.325,0.086,-18.8,2025.0,6.724,0.024311419088103418,False,False,False,True
GJ 357 d,GJ 357,413248763.0,ok,5.0,14675.0,2555.7,55.661,0.055,55.52119779208832,1535.1475,1227.7,1.67,3.34,16.48,4.65,17.09,1.0,9403.1,260.0,940.3,0.008,,,,,2019.0,8.74094,0.13056332486095013,True,False,False,True
HD 12235 b,HD 12235,422679659.0,ok,5.0,17276.0,2577.2,4.36305,0.00042,4.367229728571429,1412.601,35.2,2.59,5.18,15.51,0.64,56.12,27.0,622.8,90.0,815.3,0.155,-9956.049,-0.334,0.303,-1.5,2022.0,5.3369,0.0565189466923571,True,False,False,True
GJ 251 c,GJ 251,68581262.0,ok,6.0,18079.0,1442.9,53.647,0.044,53.67959259259259,1882.0582,396.7,1.75,3.5,15.28,3.09,57.32,3.0,4835.6,238.0,411.6,0.009,,,,,2025.0,7.64819,0.08203738936223012,True,False,False,True
HD 21411 b,HD 21411,142875660.0,ok,2.0,6149.0,758.8,84.288,0.127,83.907,1421.4742,298.5,4.78,6.83,14.43,2.36,19.39,1.0,25853.2,147.0,2922.0,0.011,,,,,2019.0,7.2099,0.011545959494375937,True,False,False,True
GJ 887 e,GJ 887,155315739.0,ok,5.0,14454.0,2906.0,4.4249,0.00014,4.427402125616698,1357.3647,47.4,1.41,1.76,12.96,1.06,24.63,22.0,473.0,100.0,339.6,0.052,,,,,2026.0,5.5664,0.10021141649048626,True,False,False,True
HD 179949 b,HD 179949,2288734.0,ok,1.0,3079.0,25.0,3.092514,3.2e-05,3.098699028,3803.5029,78.9,1.57,3.14,11.77,1.22,24.0,8.0,6488.8,112.0,613.7,0.133,-5998.495,-0.411,0.146,-14.3,2000.0,5.7365,0.01215941314264579,True,False,False,True
DMPP-4 b,DMPP-4,26884478.0,ok,13.0,46305.0,1900.8,3.4982,0.2327,3.6678816890844543,1686.4708,16.8,1.77,3.53,11.65,3.39,15.69,86.0,1268.8,76.0,1542.8,0.132,,,,,2023.0,5.2609,0.013240857503152586,True,False,False,True
HD 104067 c,HD 104067,428673146.0,ok,5.0,15932.0,2553.4,13.8992,0.0047,13.920958866666668,1575.7589,66.0,5.09,3.64,11.48,1.39,23.36,10.0,4357.7,150.0,1588.0,0.034,-1807.25,0.396,0.145,-0.8,2024.0,7.0276,0.015145604332560755,True,False,False,True
55 Cnc b,55 Cnc,332064670.0,ok,4.0,10431.0,1414.9,14.651552,3.6e-05,14.628823310358976,1882.4699,64.0,2.17,4.33,10.98,3.89,11.43,4.0,10937.3,69.0,6900.4,0.039,-3976.206,-0.133,0.001,-4.3,1996.0,5.2058,0.005851535570936155,False,False,False,True
TOI-5624 f,TOI-5624,53498154.0,ok,3.0,6374.0,1493.6,45.37,0.9,43.07667976424361,1924.3879,910.7,2.79,5.59,10.89,2.91,11.17,2.0,3872.7,513.0,214.0,0.016,,,,,2026.0,10.0326,0.23515893304412944,True,False,False,True
TOI-500 e,TOI-500,134200185.0,ok,9.0,21687.0,2249.4,61.3,0.28,61.25793904208998,1470.0554,1037.7,1.61,5.37,9.74,5.5,13.06,1.0,6731.2,334.0,594.0,0.011,,,,,2022.0,9.4022,0.15416270501545046,True,False,False,True
GJ 676 A e,GJ 676 A,369021303.0,ok,4.0,12689.0,2226.4,35.47358,0.0156,35.43786619259593,1639.4007,453.2,1.44,4.81,9.67,3.59,11.64,2.0,2493.9,180.0,507.7,0.018,-3108.897,-0.146,0.074,-21.4,2012.0,7.90696,0.18172340510846463,True,False,False,True
HD 107148 b,HD 107148,66666079.0,ok,2.0,5136.0,1245.1,48.056,0.057,48.2102,2576.912,241.8,2.23,7.43,9.58,3.19,10.81,2.0,13085.0,164.0,2301.2,0.02,-17029.189,-0.016,0.555,-21.1,2005.0,7.4142,0.018479174627435997,True,False,False,True
HD 141004 b,HD 141004,296740796.0,ok,1.0,1307.0,19.0,15.5083,0.0018,15.4772834,2703.3695,62.9,1.86,6.18,9.47,0.92,13.61,1.0,1426.9,48.0,156.7,0.052,,,,,2021.0,3.8709,0.04408157544326862,True,False,False,True
55 Cnc c,55 Cnc,332064670.0,ok,4.0,10431.0,1414.9,44.3936,0.0024,44.42044264186046,1893.388,45.5,3.13,6.27,9.04,2.69,11.18,4.0,14661.8,69.0,6323.2,0.018,-3965.124,-0.033,0.01,-14.6,2004.0,5.2058,0.003103302459452455,True,False,False,True
HD 31527 c,HD 31527,146322354.0,ok,5.0,17491.0,2852.5,51.2053,0.0373,51.20805615763547,1477.2329,106.5,3.67,7.34,8.94,3.43,12.27,3.0,2498.1,131.0,814.0,0.019,-1458.154,0.326,0.427,-14.8,2019.0,6.9255,0.042632400624474605,True,False,False,True
HD 1461 b,HD 1461,37748347.0,ok,3.0,7596.0,1846.8,5.77152,0.00045,5.76937698835443,1391.2732,46.0,1.86,3.73,8.31,2.75,9.75,10.0,857.3,79.0,798.2,0.085,-6631.778,0.111,0.122,-1.6,2010.0,5.8575,0.05365682958124344,True,False,False,True
HD 285968 b,HD 285968,397354290.0,ok,4.0,12321.0,785.0,8.7836,0.0054,8.795029262650603,2475.4792,90.6,3.16,2.26,8.07,1.93,11.23,11.0,6807.2,218.0,940.3,0.034,-2598.014,-0.39,0.384,0.2,2008.0,7.87811,0.013309437066635326,True,False,False,True
TOI-544 c,TOI-544,50618703.0,ok,3.0,10672.0,2577.4,50.089,0.24,50.769229696472514,1514.3156,946.3,1.46,4.86,8.04,3.75,8.69,2.0,12135.2,385.0,1051.6,0.013,2211.682,0.077,0.083,44.2,2023.0,9.6504,0.07797976135539586,True,False,False,True
KOBE-1 b,KOBE-1,16917838.0,ok,2.0,6031.0,1117.2,8.5399,0.0037,8.550986887719297,1768.6838,167.9,3.75,2.68,8.01,1.63,11.52,6.0,4291.7,246.0,691.6,0.041,,,,,2025.0,8.6452,0.03912202623668943,True,False,False,True
GJ 357 c,GJ 357,413248763.0,ok,5.0,14675.0,2555.7,9.1247,0.0011,9.121719672930649,1526.0204,210.8,1.46,1.83,7.93,1.19,16.77,10.0,4723.2,260.0,871.6,0.026,,,,,2019.0,8.74094,0.04463075880758808,True,False,False,True
G 192-15 b,G 192-15,467119250.0,ok,2.0,6586.0,1120.4,2.27476,0.00028,2.271891824347826,1816.8419,1000.8,0.67,0.8,7.81,2.42,11.49,21.0,2925.5,1447.0,85.1,0.046,,,,,2025.0,11.2273,0.3420953683131088,True,False,False,True
HD 90156 b,HD 90156,193032655.0,ok,7.0,23235.0,2555.1,49.77,0.07,49.86030264817151,1544.6188,44.4,5.21,6.51,7.79,3.38,9.79,6.0,4505.1,93.0,1871.3,0.017,,,,,2011.0,6.2924,0.009855497103282944,True,False,False,True
GJ 180 d,GJ 180,246902275.0,ok,5.0,17950.0,2852.6,106.3,0.129,105.91885255198488,1456.2864,305.6,2.35,4.71,7.72,3.96,8.42,3.0,8059.5,292.0,646.9,0.006,,,,,2020.0,8.8249,0.037917984986661706,True,False,False,True
HD 158259 d,HD 158259,188768068.0,ok,16.0,41849.0,1245.2,5.1980814,0.0008814,5.20212975,2392.973,14.8,2.97,3.71,7.69,1.03,21.58,56.0,633.2,83.0,479.6,0.093,,,,,2020.0,5.8961,0.02337334175615919,True,False,False,True
TOI-500 d,TOI-500,134200185.0,ok,9.0,21687.0,2249.4,26.233,0.02,26.212802955665023,1480.039,360.0,2.02,4.04,7.51,3.56,12.98,5.0,17045.8,334.0,2006.4,0.02,,,,,2022.0,9.4022,0.021119571976674606,True,False,False,True
HD 176986 c,HD 176986,39554091.0,ok,2.0,5448.0,348.4,16.8124,0.0015,16.842783855421686,3486.4949,125.9,3.94,3.94,7.49,1.57,12.14,3.0,14312.9,151.0,1780.9,0.031,-1494.006,0.24,0.257,-5.4,2017.0,7.5672,0.008796260715857724,True,False,False,True
HD 134606 c,HD 134606,262457542.0,ok,10.0,32661.0,2522.8,58.883,0.041,58.99023076923077,1636.9065,61.4,2.42,8.06,7.35,3.1,9.31,5.0,1648.1,89.0,719.8,0.018,-1980.798,0.439,0.362,7.7,2024.0,6.2133,0.037255020933195805,True,False,False,True
HIP 54373 c,HIP 54373,410407964.0,ok,5.0,16606.0,2555.2,15.144,0.008,15.16807896,1544.8558,132.4,3.06,3.06,7.23,2.49,11.75,9.0,7744.9,252.0,1479.9,0.026,,,,,2019.0,8.67362,0.01709512066004726,True,False,False,True
HD 93385 c,HD 93385,106900981.0,ok,4.0,12816.0,2230.5,13.18,0.003,13.16601558685446,1548.87,59.5,2.51,5.01,6.79,2.87,8.4,8.0,909.7,114.0,491.4,0.05,,,,,2021.0,6.9359,0.06540617786083323,True,False,False,True
HD 46375 b,HD 46375,234928947.0,ok,1.0,3037.0,23.5,3.023573,6.5e-05,3.0245278125263155,3667.2149,125.7,0.74,2.47,6.67,2.16,7.85,8.0,23326.4,144.0,1430.7,0.107,-5928.648,-0.317,0.093,22.6,2000.0,7.1695,0.005388744083956376,False,False,False,True
GJ 676 A d,GJ 676 A,369021303.0,ok,4.0,12689.0,2226.4,3.60076,0.0002,3.604069215814932,1631.2775,64.6,1.8,2.24,6.33,1.26,11.64,25.0,1289.9,180.0,566.3,0.082,-3087.439,0.478,0.093,-4.4,2012.0,7.90696,0.05008140165904333,False,False,False,True
TOI-431 c,TOI-431,31374837.0,ok,5.0,13327.0,2852.5,4.8494,0.0003,4.853267407314897,1440.9588,89.1,1.22,2.44,6.31,1.66,10.14,23.0,808.7,201.0,322.9,0.066,,,,,2021.0,8.1705,0.1101768270063064,True,False,False,True
DMPP-2 c,DMPP-2,32432767.0,ok,5.0,17346.0,354.1,3.168,0.355,3.16516,3939.3381,48.9,2.12,4.23,6.3,2.94,8.49,40.0,4187.5,205.0,937.8,0.175,524.18,0.017,128.058,5.3,2026.0,8.1311,0.011677611940298507,True,False,False,True
DMPP-1 e,DMPP-1,66560666.0,ok,3.0,11850.0,2577.4,5.516,0.004,5.518067796610169,1472.0551,77.0,1.14,3.79,6.01,0.87,12.49,14.0,424.9,144.0,262.7,0.09,,,,,2019.0,7.4742,0.1812191103789127,True,False,False,True
TOI-2427 c,TOI-2427,142937186.0,ok,4.0,10771.0,2146.0,5.15,0.011,5.18283482302467,2145.8244,111.7,2.36,2.36,5.98,1.41,23.6,16.0,2720.9,299.0,605.5,0.06,2474.192,0.239,0.63,-21.1,2025.0,9.0138,0.041052592892057774,True,False,False,True
Teegarden's Star c,Teegarden's Star,257870150.0,ok,3.0,8859.0,785.0,11.416,0.003,11.40076179157428,2481.7724,721.4,1.0,1.07,5.96,2.29,7.66,6.0,5985.0,749.0,144.5,0.012,1046.432,-0.269,0.284,100.1,2019.0,10.565,0.12053467000835422,True,False,False,True
HD 51608 c,HD 51608,279246287.0,ok,16.0,50426.0,1650.8,95.9446,0.1555,96.35926666666666,2307.8736,163.4,2.46,8.2,5.96,4.17,7.59,2.0,3474.0,133.0,651.9,0.011,-1429.415,-0.047,0.124,3.8,2019.0,7.4649,0.04703511801957398,True,False,False,True
TOI-1062 c,TOI-1062,299799658.0,ok,10.0,30212.0,2581.6,7.972,0.024,7.915933277731443,1326.2546,157.3,0.93,3.11,5.83,3.33,18.68,28.0,2639.2,346.0,512.5,0.051,,,,,2021.0,9.478,0.059601394361927865,True,False,False,True
GJ 1061 d,GJ 1061,79611981.0,ok,6.0,20670.0,2874.2,13.066,0.002,13.047704440145104,1395.294,228.2,1.33,1.35,5.8,1.81,9.98,11.0,4588.0,375.0,446.3,0.014,1304.12,-0.022,0.238,-23.6,2020.0,9.47068,0.0497384481255449,True,False,False,True
HD 88133 b,HD 88133,27073220.0,ok,4.0,12595.0,759.1,3.414884,3e-05,3.4136662894263563,2526.5216,30.8,2.78,5.57,5.69,1.47,8.61,28.0,2131.4,153.0,1035.9,0.213,-3982.758,0.15,0.11,8.2,2004.0,7.3119,0.01445059585249132,True,False,False,True
L 98-59 e,L 98-59,307210830.0,ok,16.0,50094.0,1763.8,12.8278,0.0018,12.811462562962962,2282.0126,117.4,2.02,2.02,5.47,2.25,29.84,24.0,4323.2,350.0,436.2,0.021,,,,,2021.0,9.41242,0.027155810510732792,True,False,False,True
L 363-38 b,L 363-38,118585685.0,ok,7.0,21540.0,2878.5,8.781,0.007,8.793498953974897,1360.1755,256.7,1.38,1.73,5.34,3.14,7.31,17.0,10384.0,590.0,887.3,0.026,,,,,2023.0,10.2289,0.02472072419106317,True,False,False,True
GJ 1061 b,GJ 1061,79611981.0,ok,6.0,20670.0,2874.2,3.2073,0.0003,3.20470933929867,1388.1169,134.6,0.83,0.85,5.3,1.84,8.64,44.0,3652.9,375.0,568.7,0.035,1300.161,0.424,0.228,-17.8,2020.0,9.47068,0.036847436283500776,True,False,False,True
HIP 14810 b,HIP 14810,113810736.0,ok,5.0,14567.0,811.5,6.673892,1e-05,6.670114325283019,2452.8941,101.1,1.09,3.64,5.29,2.07,7.38,10.0,8007.3,173.0,2062.6,0.071,6693.586,-0.415,0.001,-6.5,2005.0,7.8638,0.012625978794350155,False,False,False,True
HD 51608 b,HD 51608,279246287.0,ok,16.0,50426.0,1650.8,14.0726,0.0016,14.074836193972605,2295.8063,48.3,1.3,4.33,5.25,2.76,8.13,23.0,3038.0,133.0,1086.0,0.04,-1506.374,0.183,0.092,-2.1,2019.0,7.4649,0.015898617511520736,True,False,False,True
GJ 3378 b,GJ 3378,322347050.0,ok,4.0,11330.0,1496.4,21.45,0.01,21.462266414523448,1820.9871,376.5,1.08,2.17,5.25,2.42,7.16,3.0,4475.7,326.0,356.2,0.013,,,,,2026.0,9.12867,0.08412091963268316,True,False,False,True
GJ 1132 c,GJ 1132,101955023.0,ok,6.0,17102.0,2528.2,8.929,0.0008,8.928864991065293,1545.6621,495.5,1.17,1.46,5.25,3.01,6.55,13.0,8743.0,832.0,452.9,0.021,,,,,2018.0,10.8372,0.056673910557017045,True,False,False,True
HD 109749 b,HD 109749,144289338.0,ok,4.0,13172.0,2528.1,5.239891,9.9e-05,5.235258169542683,1571.8134,53.5,1.85,3.69,5.21,1.47,8.23,18.0,16159.4,155.0,9315.6,0.092,6014.878,0.069,0.012,-1.5,2005.0,7.5993,0.0033107664888547845,True,False,False,True
TOI-1266 d,TOI-1266,467179528.0,ok,9.0,26513.0,1711.2,32.509,0.062,32.52602546455609,1704.5021,413.8,4.52,3.23,5.09,3.23,7.23,5.0,3287.7,822.0,110.0,0.013,,,,,2025.0,11.0402,0.12586306536484473,True,False,False,True
WASP-148 c,WASP-148,115524421.0,ok,4.0,10703.0,782.3,34.524,0.029,34.476684210526315,2724.1052,885.6,4.38,5.48,5.04,2.71,6.03,2.0,44863.8,1129.0,925.4,0.021,935.851,-0.203,0.068,282.3,2020.0,11.5906,0.019739745630107122,True,False,False,True
TOI-2093 b,TOI-2093,402898317.0,ok,16.0,49059.0,865.5,12.836,0.021,12.854952941176473,2799.3796,209.2,1.71,3.42,5.02,2.88,9.65,24.0,3852.7,639.0,193.7,0.035,,,,,2025.0,10.6699,0.05429958211124666,True,False,False,True
HIP 57274 b,HIP 57274,5078530.0,ok,2.0,5778.0,764.0,8.1352,0.004,8.11989234556213,1906.662,107.4,2.15,4.3,5.01,2.5,6.11,4.0,13802.6,165.0,3540.4,0.069,-2198.849,-0.34,0.313,1.5,2011.0,7.9003,0.007781142683262574,True,False,False,True
GJ 9689 b,GJ 9689,87942223.0,ok,2.0,6678.0,763.1,18.27,0.01,18.24553125,2779.4135,347.9,1.62,3.25,4.95,3.08,5.35,3.0,5642.0,371.0,372.0,0.023,-596.465,-0.223,0.125,-124.6,2020.0,9.54885,0.06166253101736972,True,False,False,True
Barnard d,Barnard's star,325554331.0,ok,1.0,2271.0,26.2,2.3402,0.0003,2.3379829684210525,3481.4002,114.7,0.5,0.82,4.79,1.05,6.64,6.0,1163.0,135.0,54.6,0.046,3244.603,0.187,0.037,42.4,2025.0,6.88269,0.09862424763542563,False,False,False,True
GJ 1002 b,GJ 1002,176287658.0,ok,2.0,5001.0,785.1,10.3465,0.027,10.27557348784624,2458.0078,1093.5,0.5,1.1,4.78,3.41,5.42,2.0,4664.6,537.0,167.2,0.014,,,,,2022.0,10.2531,0.23442524546584914,True,False,False,True
GJ 3473 c,GJ 3473,452866790.0,ok,4.0,11584.0,2225.1,15.509,0.033,15.475551325628825,1502.3947,698.1,1.16,2.32,4.73,3.23,5.24,6.0,10135.7,919.0,425.8,0.02,,,,,2020.0,11.1972,0.06887536134652762,True,False,False,True
HD 219828 b,HD 219828,243085377.0,ok,2.0,6672.0,758.9,3.83483,7e-05,3.8336679303030303,2828.578,36.2,3.5,4.38,4.65,0.8,7.41,12.0,1680.4,154.0,678.2,0.149,-3495.25,0.05,0.133,7.2,2007.0,7.4597,0.021542489883361104,True,False,False,True
TOI-500 c,TOI-500,134200185.0,ok,9.0,21687.0,2249.4,6.6356,0.004,6.639362534756821,1469.6609,77.4,2.56,2.56,4.62,1.02,13.95,30.0,1851.0,334.0,345.5,0.05,,,,,2022.0,9.4022,0.04181523500810373,True,False,False,True
KOI-884 e,Kepler-247,158792051.0,ok,4.0,12185.0,246.2,31.101659,1e-05,31.118161921102043,3332.3715,9090.3,1.4,4.68,4.55,3.19,4.72,3.0,28457.8,9453.0,36.6,0.02,,,,,2014.0,14.4462,0.31943087659622316,True,False,False,True
GJ 3929 c,GJ 3929,188589164.0,ok,3.0,7418.0,1496.3,15.04,0.03,14.970884955752211,1967.7542,858.2,0.63,2.11,4.45,3.12,5.18,3.0,9647.8,575.0,514.7,0.018,,,,,2022.0,10.2705,0.08895292190965817,True,False,False,True
KOI-142 c,KOI-142,122712595.0,ok,8.0,28182.0,1168.4,22.26492,0.00067,22.29735531555556,2410.6324,1501.7,1.38,4.6,4.41,2.77,5.46,7.0,13297.9,2565.0,170.0,0.027,-2049.832,0.336,0.007,82.1,2013.0,12.5923,0.11292760511058138,False,False,False,True
K2-18 c,K2-18,388804061.0,ok,3.0,9335.0,758.9,8.962,0.008,8.972654708520178,2527.8202,757.7,0.65,2.18,4.41,2.58,5.35,9.0,8076.7,989.0,234.6,0.032,,,,,2017.0,11.2373,0.09381306721804698,True,False,False,True
HD 3167 d,HD 3167,318707987.0,ok,1.0,2410.0,24.0,8.3967,0.0025,8.385209778947369,3210.3444,218.3,1.01,3.37,4.1,0.99,5.69,2.0,1739.3,225.0,42.6,0.053,,,,,2017.0,8.2491,0.12551026274938196,True,False,False,True
HD 3167 e,HD 3167,318707987.0,ok,1.0,2410.0,24.0,91.9,0.3,91.0,3215.3492,145.9,3.75,7.49,3.78,1.22,5.57,1.0,4030.8,225.0,104.0,0.011,,,,,2022.0,8.2491,0.036196288577949785,True,False,False,True
HIP 71135 b,HIP 71135,457695809.0,ok,2.0,5918.0,759.0,87.19,0.381,86.047,1618.9745,357.2,1.89,6.3,3.77,1.76,5.07,1.0,8663.6,307.0,425.6,0.009,,,,,2019.0,9.1603,0.04122997368299552,True,False,False,True
