pl_name,status,hostname,tic,nsec,npts,baseline,P_pub,eP_pub,P_best,t0_best,depth_ppm,dur_h,tdur_central_h,snr,sde_vs_wide,wide_max_snr,ntr,depth_est_ppm,rms_ppm,snr_expected,ptransit,Tc_pred_btjd,pred_phase_offset,pred_sigma_phase,depth_at_pred_ppm,disc_year,tmag
HIP 79431 b,error: zero-size array to reduction operation minimum which has no identity,,,,,,,,,,,,,,,,,,,,,,,,,,
HD 177830 c,error: zero-size array to reduction operation minimum which has no identity,,,,,,,,,,,,,,,,,,,,,,,,,,
KOI-319 c,ok,KOI-319,159303995.0,4.0,12223.0,220.1,80.099,0.056,79.94868421052631,3341.7374,1246.8,4.41,14.71,4.34,2.33,7.3,1.0,1811.0,1171.0,17.8,0.024,,,,,2014.0,11.6906
HD 224693 b,ok,HD 224693,114807081.0,4.0,12190.0,2579.0,26.6904,0.0019,26.646573740077823,1356.3534,162.2,2.87,9.57,7.5,2.73,12.59,3.0,2862.8,170.0,1084.2,0.047,6173.037,-0.465,0.03,-7.3,2006.0,7.6726
HD 205158 b,ok,HD 205158,316830331.0,4.0,12778.0,2581.6,25.33798,0.0036,25.352654505791506,1339.1827,83.7,13.34,9.53,6.88,3.04,8.97,2.0,10586.9,137.0,5071.2,0.049,-10965.245,-0.388,284.999,-6.7,2022.0,7.3253
TOI-375 c,ok,TOI-375,280097543.0,12.0,34046.0,2276.1,115.5,2.0,114.95498199279712,1709.9511,352.3,6.81,22.7,4.23,5.03,4.41,2.0,1150.8,566.0,89.6,0.026,,,,,2026.0,10.4471
DMPP-8 b,ok,DMPP-8,318042295.0,3.0,9563.0,2223.9,62.915,0.041,62.95232245762712,1657.8243,164.0,2.69,8.98,5.63,3.03,6.87,2.0,14632.9,180.0,3056.5,0.019,-2806.217,-0.046,0.071,-11.8,2026.0,8.073
HD 163607 b,ok,HD 163607,232620788.0,16.0,45361.0,779.4,75.2203,0.0094,75.34924908571428,2907.1864,100.0,3.9,12.99,8.4,3.82,13.39,4.0,3408.5,148.0,556.7,0.023,-2813.856,0.057,0.01,16.5,2012.0,7.3311
HD 60779 c,ok,HD 60779,65672998.0,3.0,9892.0,2225.1,104.79,0.23,104.55813008130082,1515.5302,78.2,2.85,9.51,6.86,3.3,7.77,3.0,5107.7,99.0,1540.2,0.012,,,,,2026.0,6.6155
HD 219134 g,error: zero-size array to reduction operation minimum which has no identity,,,,,,,,,,,,,,,,,,,,,,,,,,
24 Boo b,ok,24 Boo,441712711.0,6.0,16956.0,1523.7,30.33,0.01,30.390659999999997,1908.6136,155.5,20.37,67.9,86.26,,131.54,3.0,70.3,411.0,21.1,0.293,-1847.811,-0.148,0.51,18.4,2018.0,4.7812
HD 167768 b,ok,HD 167768,2382387.0,1.0,2273.0,26.2,20.6532,0.0035,20.6118936,3485.2075,458.6,14.13,47.09,55.95,1.19,105.01,1.0,111.4,371.0,4.4,0.298,-2404.599,0.176,0.158,-43.0,2022.0,5.19035
rho CrB c,ok,rho CrB,458494003.0,3.0,7967.0,761.5,102.036,0.204,101.424,1981.7271,120.3,5.78,11.55,20.56,1.91,22.08,1.0,3386.1,75.0,858.9,0.015,-1562.85,-0.262,0.116,-10.6,2016.0,4.8248
HD 43691 b,ok,HD 43691,258444495.0,2.0,4921.0,373.3,36.9987,0.0011,37.04992896923077,2962.0489,105.7,2.65,8.82,4.7,1.56,6.73,2.0,3717.5,155.0,479.3,0.031,6026.825,0.165,0.013,9.4,2007.0,7.5156
HD 147873 b,ok,HD 147873,211080657.0,3.0,9620.0,2548.8,116.596,0.023,116.362808,1709.855,219.9,5.47,18.24,10.11,3.22,10.84,1.0,1706.2,164.0,431.6,0.02,,,,,2016.0,7.4327
HIP 41378 g,ok,HIP 41378,366443426.0,8.0,24326.0,2225.2,63.19,0.12,63.41643478260869,1495.2445,157.7,2.64,8.8,6.86,5.39,7.16,5.0,719.4,217.0,123.1,0.018,,,,,2025.0,8.4642
KOI-134 c,ok,KOI-134,271772050.0,4.0,14144.0,246.2,33.95,0.02,33.960446153846156,3339.5141,1754.3,4.37,8.74,3.76,2.56,4.76,3.0,6799.8,3503.0,32.2,0.034,,,,,2025.0,13.2243
HD 192310 b,error: zero-size array to reduction operation minimum which has no identity,,,,,,,,,,,,,,,,,,,,,,,,,,
HD 11964 c,ok,HD 11964,24978373.0,3.0,11567.0,2602.1,37.91,0.041,37.79933855799373,1390.1444,181.1,3.79,12.65,17.67,3.4,19.83,2.0,1392.9,98.0,883.7,0.044,-2630.651,0.062,10.025,4.0,2008.0,5.6847
HD 35759 b,ok,HD 35759,286954708.0,4.0,10770.0,1846.5,82.467,0.019,82.511982,1889.2833,354.1,3.98,13.27,14.81,4.1,15.28,1.0,2969.2,154.0,698.0,0.021,-482.413,-0.241,0.01,12.5,2016.0,7.1975
TYC 4282-00605-1 b,ok,TYC 4282-00605-1,13105061.0,4.0,12427.0,598.8,101.54,0.05,101.37967368421053,2910.2978,260.8,24.0,138.68,8.45,,17.78,2.0,31.9,495.0,3.6,0.179,-580.481,0.378,0.019,-87.6,2017.0,9.0232
HD 141399 b,ok,HD 141399,156067565.0,6.0,15709.0,1522.7,94.44,0.05,94.33604279069768,2022.8583,203.4,3.36,11.21,9.44,3.7,10.82,1.0,5759.7,114.0,1438.2,0.016,45.22,-0.059,0.159,15.9,2014.0,6.535
HD 145377 b,error: zero-size array to reduction operation minimum which has no identity,,,,,,,,,,,,,,,,,,,,,,,,,,
HD 34445 d,ok,HD 34445,284907742.0,2.0,8880.0,1871.4,117.87,0.18,117.3616715542522,2232.8098,541.7,3.6,12.01,15.29,3.75,18.25,1.0,3762.7,145.0,739.3,0.013,,,,,2017.0,6.7209
70 Vir b,error: zero-size array to reduction operation minimum which has no identity,,,,,,,,,,,,,,,,,,,,,,,,,,
GJ 96 b,error: zero-size array to reduction operation minimum which has no identity,,,,,,,,,,,,,,,,,,,,,,,,,,
HD 102956 b,ok,HD 102956,137810576.0,5.0,15599.0,1496.8,6.4947,0.00019,6.498632570642202,1872.2522,57.6,3.9,13.02,11.66,2.01,16.96,18.0,501.0,178.0,326.5,0.262,-1652.397,-0.304,0.1,3.5,2010.0,7.03923
Kepler-160 d,error: The maximum transit duration must be shorter than the minimum period,,,,,,,,,,,,,,,,,,,,,,,,,,
GJ 2056 b,error: zero-size array to reduction operation minimum which has no identity,,,,,,,,,,,,,,,,,,,,,,,,,,
HD 206255 b,ok,HD 206255,139842723.0,4.0,12726.0,1853.7,96.045,0.317,96.9284523364486,1327.9748,83.1,4.93,16.43,6.5,3.4,8.04,2.0,1648.9,129.0,479.8,0.022,,,,,2019.0,6.9928
HIP 38594 b,error: zero-size array to reduction operation minimum which has no identity,,,,,,,,,,,,,,,,,,,,,,,,,,
HD 33142 d,ok,HD 33142,169397663.0,2.0,6881.0,761.9,89.9,0.1,89.67500000000001,1475.1516,91.6,8.85,29.49,6.27,1.5,11.48,1.0,971.3,188.0,168.1,0.043,,,,,2022.0,7.14982
Ross 508 b,error: zero-size array to reduction operation minimum which has no identity,,,,,,,,,,,,,,,,,,,,,,,,,,
HD 96700 d,ok,HD 96700,23270430.0,5.0,16935.0,2555.0,103.5,0.1,103.74418604651163,1581.6488,153.8,3.08,10.28,9.28,4.66,9.74,1.0,1882.7,79.0,796.5,0.013,-1491.97,-0.303,0.064,7.3,2021.0,5.9398
HD 144899 b,ok,HD 144899,215687919.0,3.0,10017.0,1465.5,40.43914,0.04979,40.41877136363637,1661.4571,184.8,7.82,9.77,6.9,3.58,7.5,2.0,1624.6,220.0,293.8,0.032,-3843.85,0.138,0.207,-3.2,2022.0,8.3937
HD 72892 b,error: zero-size array to reduction operation minimum which has no identity,,,,,,,,,,,,,,,,,,,,,,,,,,
HD 156098 b,ok,HD 156098,152449405.0,5.0,15276.0,2226.4,21.85849,0.01232,21.891079021454544,1645.1983,141.6,3.86,12.86,40.9,1.98,71.94,6.0,434.0,108.0,307.4,0.077,-3535.386,0.006,0.295,-23.5,2022.0,5.0618
HD 168443 b,ok,HD 168443,16465196.0,1.0,2497.0,26.2,58.11187,0.00024,57.99564626,3505.8225,93.6,3.63,12.12,5.91,2.13,7.76,1.0,2950.3,101.0,216.4,0.027,-6782.802,0.049,0.001,-2.6,1998.0,6.2674
HD 142 A d,ok,HD 142,389757979.0,9.0,26901.0,2906.0,108.45299,0.09021,108.59483744827585,1429.4813,81.6,5.97,11.94,12.68,4.38,13.74,2.0,10646.3,74.0,5389.6,0.014,-6200.292,0.351,0.249,-2.1,2022.0,5.2459
HD 127506 b,error: zero-size array to reduction operation minimum which has no identity,,,,,,,,,,,,,,,,,,,,,,,,,,
HD 38529 b,ok,HD 38529,200093173.0,2.0,8231.0,2577.4,14.3099,0.00013,14.307539604123711,1469.5703,57.9,3.8,12.68,15.59,2.75,20.05,6.0,1314.2,99.0,1348.0,0.116,-6593.493,0.46,0.009,-1.8,2000.0,5.2725
CI Tau c,ok,CI Tau,61230756.0,2.0,5825.0,50.3,25.2,1.8,26.23219315895372,3213.5723,24087.4,5.18,10.37,205.36,3.58,253.82,2.0,2609.8,9344.0,1.9,0.054,1799.345,0.12,4.068,-3523.1,2024.0,11.1809
HIP 67851 b,ok,HIP 67851,111947706.0,4.0,12409.0,2549.7,89.23,0.06,89.33677966101696,1634.964,86.7,12.22,40.72,29.41,,49.26,3.0,343.7,222.0,110.8,0.06,-1686.727,0.226,0.045,-4.3,2015.0,5.2887
Kepler-100 e,ok,Kepler-100,159654016.0,8.0,25995.0,1168.4,60.888588,0.044471,60.885167153846155,2434.3666,315.5,3.12,10.39,3.97,2.96,5.01,4.0,2399.7,666.0,107.4,0.022,,,,,2023.0,10.6983
HD 190360 d,ok,HD 190360,105999792.0,6.0,20848.0,789.1,88.69,0.051,88.51262,2829.4042,68.5,2.77,9.24,9.98,2.82,12.81,2.0,1805.5,67.0,494.6,0.014,-1781.73,-0.008,0.43,8.9,2026.0,5.0823
HD 216770 b,ok,HD 216770,47526465.0,4.0,12353.0,2579.0,118.45,0.55,116.97377659574468,1470.5405,346.6,2.75,9.17,7.98,3.59,8.74,1.0,12554.1,153.0,2418.9,0.01,-4394.485,-0.485,0.274,8.4,2003.0,7.4176
HD 74156 b,ok,HD 74156,379949822.0,4.0,12969.0,2225.1,51.63564,0.00113,51.63177939140187,1536.1959,216.7,2.97,9.89,11.46,4.98,11.14,2.0,4327.8,136.0,1397.1,0.025,-6209.348,0.004,0.004,66.9,2003.0,7.0773
HIP 57274 c,error: zero-size array to reduction operation minimum which has no identity,,,,,,,,,,,,,,,,,,,,,,,,,,
HD 34445 e,ok,HD 34445,284907742.0,2.0,8880.0,1871.4,49.175,0.045,49.302087912087906,2200.1766,186.9,8.97,8.97,10.88,1.83,17.93,2.0,1849.6,145.0,500.0,0.024,,,,,2017.0,6.7209
HD 52265 b,ok,HD 52265,268565917.0,3.0,9447.0,2197.1,119.27,0.02,119.17534126984127,1538.2879,163.0,3.33,11.09,11.49,3.02,13.48,1.0,5832.2,87.0,2004.8,0.012,-5751.131,0.117,0.012,-0.3,2000.0,5.7701
HD 122562 c,error: zero-size array to reduction operation minimum which has no identity,,,,,,,,,,,,,,,,,,,,,,,,,,
8 UMi b,ok,8 UMi,257005016.0,16.0,50956.0,1711.2,93.31,0.06,93.198028,1688.1132,80.7,23.1,77.01,32.85,,64.14,5.0,85.9,310.0,21.8,0.108,609.667,-0.442,0.085,38.0,2015.0,5.96761
