pl_name,status
HIP 79431 b,error: zero-size array to reduction operation minimum which has no identity
HD 224693 b,error: The maximum transit duration must be shorter than the minimum period
HD 177830 c,error: The maximum transit duration must be shorter than the minimum period
KOI-319 c,error: The maximum transit duration must be shorter than the minimum period
HD 205158 b,error: The maximum transit duration must be shorter than the minimum period
HD 163607 b,error: The maximum transit duration must be shorter than the minimum period
DMPP-8 b,error: The maximum transit duration must be shorter than the minimum period
TOI-375 c,error: The maximum transit duration must be shorter than the minimum period
HD 60779 c,error: The maximum transit duration must be shorter than the minimum period
HIP 41378 g,error: The maximum transit duration must be shorter than the minimum period
24 Boo b,error: The maximum transit duration must be shorter than the minimum period
HD 167768 b,error: The maximum transit duration must be shorter than the minimum period
rho CrB c,error: The maximum transit duration must be shorter than the minimum period
HD 43691 b,error: The maximum transit duration must be shorter than the minimum period
HD 147873 b,error: The maximum transit duration must be shorter than the minimum period
KOI-134 c,error: The maximum transit duration must be shorter than the minimum period
HD 11964 c,error: The maximum transit duration must be shorter than the minimum period
HD 192310 b,error: zero-size array to reduction operation minimum which has no identity
HD 35759 b,error: The maximum transit duration must be shorter than the minimum period
HD 141399 b,error: The maximum transit duration must be shorter than the minimum period
TYC 4282-00605-1 b,error: The maximum transit duration must be shorter than the minimum period
HD 34445 d,error: The maximum transit duration must be shorter than the minimum period
HD 145377 b,error: zero-size array to reduction operation minimum which has no identity
HD 219134 g,error: zero-size array to reduction operation minimum which has no identity
70 Vir b,error: The maximum transit duration must be shorter than the minimum period
HD 102956 b,error: The maximum transit duration must be shorter than the minimum period
HD 206255 b,error: The maximum transit duration must be shorter than the minimum period
Kepler-160 d,error: The maximum transit duration must be shorter than the minimum period
GJ 2056 b,error: zero-size array to reduction operation minimum which has no identity
GJ 96 b,error: zero-size array to reduction operation minimum which has no identity
HD 96700 d,error: The maximum transit duration must be shorter than the minimum period
HD 33142 d,error: The maximum transit duration must be shorter than the minimum period
Ross 508 b,error: zero-size array to reduction operation minimum which has no identity
HD 144899 b,error: The maximum transit duration must be shorter than the minimum period
HD 142 A d,error: The maximum transit duration must be shorter than the minimum period
HD 72892 b,error: zero-size array to reduction operation minimum which has no identity
HD 156098 b,error: The maximum transit duration must be shorter than the minimum period
HD 168443 b,error: The maximum transit duration must be shorter than the minimum period
HD 38529 b,error: The maximum transit duration must be shorter than the minimum period
HD 127506 b,error: zero-size array to reduction operation minimum which has no identity
Kepler-100 e,error: The maximum transit duration must be shorter than the minimum period
CI Tau c,error: The maximum transit duration must be shorter than the minimum period
HIP 67851 b,error: The maximum transit duration must be shorter than the minimum period
HD 190360 d,error: The maximum transit duration must be shorter than the minimum period
HD 216770 b,error: The maximum transit duration must be shorter than the minimum period
HD 74156 b,error: The maximum transit duration must be shorter than the minimum period
HIP 57274 c,error: zero-size array to reduction operation minimum which has no identity
HD 52265 b,error: The maximum transit duration must be shorter than the minimum period
HD 34445 e,error: The maximum transit duration must be shorter than the minimum period
HD 122562 c,error: The maximum transit duration must be shorter than the minimum period
8 UMi b,error: The maximum transit duration must be shorter than the minimum period
HIP 38594 b,error: zero-size array to reduction operation minimum which has no identity
