name,n_refs,n_planet_refs,planet_refs
HD32564,49,17,2025AJ....169..216T; 2024MNRAS.528.5511Y; 2024A&A...683A.125P; 2023AJ....165..267H; 2022A&A...668A.174G; 2021A&A...646A..77G; 2020ApJS..247...11R; 2020A&A...639A..35H; 2020A&A...636A..74T; 2019ApJ...880...49H; 2019A&A...623A..72K; 2018A&A...616A...7S; 2016AJ....152..181H; 2013A&A...551A.112M; 2012A&A...546A..61D
HD41248,91,46,2025AJ....169..216T; 2024MNRAS.528.5511Y; 2024A&A...684A..28L; 2024A&A...683A.125P; 2024A&A...682A..46P; 2023AJ....165..267H; 2023A&A...674A..10H; 2022A&A...668A.174G; 2022A&A...657A..87O; 2021A&A...655A..99D; 2021A&A...646A..77G; 2020ApJS..247...11R; 2020A&A...636A..74T; 2020A&A...635A..13F; 2020A&A...634A.136C
GJ17,423,111,2025MNRAS.539..457W; 2025AJ....170..343H; 2025AJ....169..216T; 2024MNRAS.528.5511Y; 2024ApJS..272...30H; 2024ApJ...975..147H; 2024AJ....168..172T; 2024AJ....167..286B; 2024A&A...686A.177A; 2024A&A...683A.125P; 2023RAA....23h5002C; 2023AJ....165..267H; 2023AJ....165..176L; 2023AJ....165..151N; 2023AJ....165..133W
HD13060,77,32,2026A&A...709A.223Z; 2025MNRAS.543...28S; 2025AJ....169..216T; 2024MNRAS.528.5511Y; 2024A&A...683A.125P; 2023AJ....165..267H; 2022A&A...668A.174G; 2021MNRAS.505..830C; 2021A&A...655A..99D; 2021A&A...646A..77G; 2020ApJS..247...11R; 2020AJ....160...83S; 2020A&A...636A..74T; 2020A&A...634A.136C; 2019ApJ...880...49H
GJ9263,157,50,2025AJ....169..216T; 2025A&A...702A..68T; 2025A&A...699A..46M; 2024MNRAS.528.5511Y; 2024A&A...683A.125P; 2023AJ....165..267H; 2022A&A...668A.174G; 2021ApJS..255....8R; 2021A&A...655A..99D; 2021A&A...646A..77G; 2020ApJS..247...11R; 2020AJ....159..235L; 2020A&A...639A..35H; 2020A&A...636A..74T; 2020A&A...634A.136C
GJ3436,156,43,2025AJ....169..216T; 2025A&A...702A..68T; 2024MNRAS.528.5511Y; 2024A&A...683A.125P; 2023AJ....165..267H; 2022A&A...668A.174G; 2021ApJS..255....8R; 2021A&A...655A..99D; 2021A&A...646A..77G; 2020ApJS..247...11R; 2020AJ....159..235L; 2020A&A...636A..74T; 2020A&A...634A.136C; 2019A&A...624A..78D; 2019A&A...623A..72K
HD125881,92,33,2025AJ....169..216T; 2024MNRAS.528.5511Y; 2024A&A...683A.125P; 2023AJ....165..267H; 2021A&A...655A..99D; 2021A&A...646A..77G; 2020ApJS..247...11R; 2020A&A...636A..74T; 2020A&A...634A.136C; 2019ApJ...880...49H; 2019A&A...624A..78D; 2019A&A...623A..72K; 2018A&A...616A...7S; 2018A&A...614A..84S; 2017A&A...606A..94D
HD95456,102,34,2025AJ....169..216T; 2024MNRAS.528.5511Y; 2024A&A...683A.125P; 2023AJ....165..267H; 2022A&A...668A.174G; 2021MNRAS.505..830C; 2021A&A...655A..99D; 2021A&A...646A..77G; 2020ApJS..247...11R; 2020A&A...639A..35H; 2020A&A...636A..74T; 2020A&A...634A.136C; 2019ApJS..241...12S; 2019ApJ...880...49H; 2019A&A...632A..81M
HD114853,131,46,2025AJ....169..216T; 2025A&A...700A.127C; 2024MNRAS.528.5511Y; 2024A&A...683A.125P; 2023AJ....165..267H; 2022A&A...668A.174G; 2021A&A...655A..99D; 2021A&A...646A..77G; 2020ApJS..247...11R; 2020A&A...639A..35H; 2020A&A...636A..74T; 2020A&A...634A.136C; 2019ApJ...880...49H; 2019A&A...624A..78D; 2019A&A...623A..72K
HD297396,40,17,2025AJ....169..216T; 2024MNRAS.528.5511Y; 2024A&A...683A.125P; 2023AJ....165..267H; 2021A&A...646A..77G; 2020A&A...636A..74T; 2019A&A...624A..78D; 2019A&A...623A..72K; 2018A&A...616A...7S; 2017A&A...606A..94D; 2017A&A...599A..96S; 2015A&A...576A..69D; 2013A&A...551A.112M; 2012A&A...546A..61D; 2012A&A...545A..32A
GJ812.1,212,47,2025AJ....169..216T; 2024MNRAS.528.5511Y; 2024A&A...684A..28L; 2023AJ....165..267H; 2021A&A...655A..99D; 2021A&A...646A..77G; 2020ApJS..247...11R; 2020A&A...639A..35H; 2020A&A...636A..74T; 2020A&A...634A.136C; 2019A&A...624A..78D; 2019A&A...623A..72K; 2018ApJS..239...16F; 2018A&A...616A...7S; 2017A&A...606A..94D
GJ616,685,131,2025MNRAS.539..457W; 2025AJ....170..343H; 2025AJ....169..216T; 2025A&A...702A..68T; 2025A&A...700A.127C; 2025A&A...699A..46M; 2025A&A...694A..93Z; 2024ApJS..272...30H; 2024ApJ...975..147H; 2024ApJ...965..176R; 2024ApJ...960L...6M; 2024AJ....168...29G; 2024A&A...688A..63B; 2024A&A...683A.125P; 2023AJ....165..267H
GJ9592,188,55,2025AJ....169..216T; 2025A&A...702A..68T; 2025A&A...697A.225K; 2025A&A...696A..27J; 2024A&A...692A.138R; 2024A&A...690A..58A; 2024A&A...689A.223T; 2024A&A...689A..32M; 2024A&A...683A.125P; 2023AJ....165..267H; 2023A&A...680A..73N; 2023A&A...678A...1F; 2023A&A...673A.105B; 2023A&A...670A.139R; 2023A&A...670A..71F
GJ224,172,43,2025AJ....169..216T; 2025A&A...702A..68T; 2025A&A...699A..46M; 2024A&A...684A..28L; 2024A&A...683A.125P; 2023AJ....165..267H; 2023A&A...680A..84M; 2021ApJS..255....8R; 2020ApJS..247...11R; 2020AJ....159..235L; 2020A&A...639A..35H; 2020A&A...636A..74T; 2019MNRAS.482.1690B; 2019ApJ...880...49H; 2019A&A...623A..72K
GJ579.2,0,0,
GJ3822,78,24,2024A&A...689A..32M; 2024A&A...683A.125P; 2023AJ....165..267H; 2022A&A...664A..65P; 2020ApJS..247...11R; 2020A&A...644A..68M; 2020A&A...636A..74T; 2019ApJ...878..134K; 2019A&A...624A..27G; 2019A&A...623A..72K; 2018A&A...616A...7S; 2018A&A...612A..89S; 2017A&A...600A..13A; 2017A&A...598A..28S; 2017A&A...598A..27M
GJ787,84,19,2025AJ....169..216T; 2024A&A...683A.125P; 2023AJ....165..267H; 2020A&A...636A..74T; 2019ApJ...880...49H; 2019A&A...624A..78D; 2019A&A...623A..72K; 2018A&A...616A...7S; 2017A&A...606A..94D; 2017A&A...599A..96S; 2015ApJ...808..194L; 2015A&A...576A..69D; 2014A&A...566A..83M; 2013A&A...551A.112M; 2012A&A...545A..32A
GJ838,364,109,2026ApJ..1000L..39A; 2025MNRAS.539..457W; 2025AJ....170..343H; 2025AJ....169..216T; 2025A&A...700A.127C; 2025A&A...694A..93Z; 2025A&A...693A.151M; 2024MNRAS.534.2105B; 2024MNRAS.528.5511Y; 2024ApJS..272...30H; 2024A&A...683A.125P; 2023AJ....165..267H; 2023AJ....165..176L; 2023AJ....165..151N; 2022MNRAS.511.2453P
GJ3187,98,26,2025MNRAS.543...28S; 2025AJ....169..216T; 2024MNRAS.528.5511Y; 2024A&A...683A.125P; 2023AJ....165..267H; 2022A&A...668A.174G; 2021A&A...646A..77G; 2020ApJS..247...11R; 2020A&A...639A..35H; 2020A&A...636A..74T; 2020A&A...634A.136C; 2019ApJ...880...49H; 2019A&A...624A..78D; 2019A&A...623A..72K; 2018A&A...616A...7S
HD170231,63,11,2024A&A...683A.125P; 2022A&A...658A..14C; 2021A&A...646A..77G; 2020A&A...636A..74T; 2018A&A...620A.139L; 2018A&A...616A...7S; 2017A&A...603A...2M; 2016MNRAS.458.3150C; 2016AJ....152..207R; 2016A&A...587A..66D; 2008A&A...485..303M
GJ1085,354,112,2025MNRAS.543...28S; 2025MNRAS.539..457W; 2025ApJ...986..178Q; 2025AJ....170..343H; 2025AJ....169..216T; 2025A&A...702A..68T; 2025A&A...699A.100D; 2025A&A...694A..93Z; 2025A&A...693A.151M; 2024MNRAS.534.2105B; 2024MNRAS.528.5511Y; 2024ApJS..272...30H; 2024AJ....168...29G; 2024A&A...691A..53S; 2024A&A...689A.302G
GJ472,146,42,2025MNRAS.543...28S; 2025MNRAS.537..229B; 2025AJ....169..216T; 2024MNRAS.528.5511Y; 2023AJ....165..267H; 2023A&A...678A...2C; 2022A&A...668A.174G; 2021MNRAS.505..830C; 2021A&A...646A..77G; 2020ApJS..247...11R; 2020A&A...639A..35H; 2020A&A...636A..74T; 2020A&A...634A.136C; 2019ApJ...880...49H; 2019A&A...624A..78D
GJ479,131,28,2025A&A...704A..48H; 2025A&A...694A..93Z; 2024A&A...689A..32M; 2024A&A...683A.125P; 2023AJ....165..267H; 2023A&A...676A.139B; 2022A&A...664A.180S; 2020ApJS..247...11R; 2020A&A...644A..68M; 2020A&A...636A..74T; 2019ApJ...876..118S; 2019A&A...623A..72K; 2018AJ....155...93C; 2018A&A...616A...7S; 2017MNRAS.468.4772S
GJ588,162,32,2025A&A...698A..44K; 2025A&A...694A..93Z; 2024A&A...689A..32M; 2023AJ....165..267H; 2023A&A...680A..64D; 2022A&A...664A.180S; 2021ApJ...909...61T; 2021A&A...652A..45L; 2020MNRAS.495.1943Y; 2020ApJS..247...11R; 2020AJ....160..269M; 2020A&A...644A..68M; 2020A&A...639A..35H; 2020A&A...636A..74T; 2019ApJ...878..134K
GJ204,232,48,2026MNRAS.549g.183M; 2025AJ....169..216T; 2025A&A...702A..68T; 2025A&A...694A..93Z; 2024MNRAS.528.5511Y; 2024AJ....168..172T; 2024AJ....167..286B; 2024A&A...683A.125P; 2023AJ....165..267H; 2022MNRAS.512..583G; 2022A&A...668A.174G; 2021ApJS..255....8R; 2021A&A...646A..77G; 2020A&A...639A..35H; 2020A&A...636A..74T
HD200633,94,32,2025AJ....169..216T; 2025A&A...699A.100D; 2025A&A...699A..46M; 2024A&A...691A..53S; 2024A&A...689A.302G; 2024A&A...683A.125P; 2023AJ....165..267H; 2022MNRAS.512.3684C; 2021A&A...655A..99D; 2021A&A...646A..77G; 2020ApJS..247...11R; 2020A&A...636A..74T; 2020A&A...634A.136C; 2019MNRAS.482.1690B; 2019ApJ...880...49H
HD36152,93,31,2025AJ....169..216T; 2025A&A...701A.107S; 2025A&A...699A..46M; 2024AJ....167..203M; 2024AJ....167...89Z; 2024A&A...683A.125P; 2023AJ....165..267H; 2022MNRAS.513..102C; 2022MNRAS.512.3684C; 2022AJ....163..160B; 2021ApJ...909L...6P; 2020ApJS..247...11R; 2020A&A...639A..35H; 2020A&A...636A..74T; 2019MNRAS.482.1690B
GJ656,147,41,2025MNRAS.543...28S; 2025AJ....169..216T; 2025A&A...694A..93Z; 2024MNRAS.528.5511Y; 2023AJ....165..267H; 2023A&A...671A.136D; 2022A&A...668A.174G; 2021MNRAS.505..830C; 2021A&A...646A..77G; 2020MNRAS.495.1943Y; 2020ApJS..247...11R; 2020A&A...639A..35H; 2020A&A...636A..74T; 2019ApJ...880...49H; 2019A&A...632A..37B
GJ792.1,0,0,
HD78286,47,12,2025AJ....169..216T; 2024A&A...683A.125P; 2023AJ....165..267H; 2021A&A...646A..77G; 2020ApJS..247...11R; 2020A&A...636A..74T; 2019ApJ...880...49H; 2019A&A...623A..72K; 2018A&A...616A...7S; 2012A&A...546A..61D; 2012A&A...537A.147H; 2006AstL...32..759G
GJ9527,275,54,2025ApJS..280...61A; 2025ApJ...986..178Q; 2025AJ....170..343H; 2025AJ....169..216T; 2025A&A...702A..68T; 2025A&A...699A..46M; 2025A&A...694A..93Z; 2024ApJS..272...30H; 2024A&A...683A.125P; 2023AJ....165..267H; 2023A&A...680A..84M; 2022MNRAS.512.3684C; 2021ApJS..255....8R; 2021AJ....161..142C; 2021AJ....161..134H
GJ613.0,156,45,2025MNRAS.543...28S; 2025AJ....169..216T; 2025A&A...694A..93Z; 2024MNRAS.528.5511Y; 2024A&A...685A..56S; 2023AJ....165..267H; 2022A&A...668A.174G; 2021MNRAS.505..830C; 2021A&A...646A..77G; 2020ApJS..247...11R; 2020AJ....160...83S; 2020A&A...639A..35H; 2020A&A...636A..74T; 2020A&A...634A.136C; 2019ApJ...880...49H
HD3964,74,28,2025AJ....169..216T; 2025A&A...699A..46M; 2024MNRAS.528.5511Y; 2024A&A...683A.125P; 2023AJ....165..267H; 2023A&A...675A.173F; 2021A&A...655A..99D; 2021A&A...646A..77G; 2020ApJS..247...11R; 2020A&A...639A..35H; 2020A&A...636A..74T; 2020A&A...634A.136C; 2019ApJ...880...49H; 2019A&A...624A..78D; 2019A&A...623A..72K
GJ150.0,666,102,2026AJ....172..115S; 2025MNRAS.539..457W; 2025ApJ...986..178Q; 2025AJ....170..343H; 2025AJ....170..229L; 2025AJ....169..216T; 2025A&A...702A..68T; 2025A&A...694A..93Z; 2024MNRAS.528.5511Y; 2024ApJS..272...30H; 2024A&A...683A.125P; 2023AJ....165..176L; 2023AJ....165..151N; 2022A&A...659A.104M; 2022A&A...658A..14C
HD45346,72,20,2025AJ....169..216T; 2025A&A...699A..46M; 2024A&A...683A.125P; 2023AJ....165..267H; 2021A&A...646A..77G; 2020ApJS..247...11R; 2020A&A...636A..74T; 2019MNRAS.482.1690B; 2019ApJ...880...49H; 2019A&A...623A..72K; 2016A&A...592A.156D; 2016A&A...590A..32T; 2015ApJ...806..139U; 2014A&A...572A..48R; 2014A&A...561A...7R
