tic,Tmag,Teff,rad,nsec,baseline,P,t0,dur_h,depth_ppm,rp_re,snr,ntr,oe_sig,sec_sig,block_snr,block_sde,alias,n_tce_same_star,tce_match,has_tce_match,nearby_toi_match,n_nearby_toi,n_toi_ctoi_within_1arcmin,sys13_7,rms10_ppm,matches_known_planet,n_pos_transits,n_transits_measured,median_transit_ppm,max_over_median,snr_comb,chi2_depths,snr_wo_max,n_transits_sig,frac_pos,tmax_h,dur_ratio,claimed_nearby,pass_phys,consistent,rank_snr,unclaimed
275083922,10.9613,3691.0,0.494532,3,1496.77,2.92632,1546.4177,3.0,1715.0,2.23,28.3,23,1.9,0.7,23.2,8.5,1.0,10,"00275083922-01(1:1,ntoi=2);00275083922-01(1:1,ntoi=3);00275083922-01(1:1,ntoi=2);00275083922-01(1:1,ntoi=1);00275083922-01(1:1,ntoi=2)",True,,0,1,False,1328.5,False,23,23,2046.0,1.4,33.3,1.5,31.9,23,1.0,1.6818160724256936,1.7837860210677388,True,True,True,31.9,True
286763141,9.72334,3548.0,0.467725,6,2528.37,7.34932,1551.8598,1.58,385.0,1.0,12.4,21,2.6,-2.0,8.1,6.4,1.0,3,"00286763141-01(1:1,ntoi=2)",True,,1,1,False,436.5,False,20,20,480.0,1.52,15.2,1.6,14.0,16,1.0,2.2026782781633854,0.7173085673307767,True,True,True,14.0,True
348054109,12.0575,3256.0,0.365717,5,1495.86,7.60375,2010.8283,4.5,1905.0,1.74,13.8,13,1.8,-0.6,11.3,2.8,1.0,5,,False,,1,1,False,2551.0,False,13,13,2130.0,1.77,13.5,3.3,12.0,11,1.0,1.8908090380407887,2.379933620722901,True,True,True,12.0,True
275248683,11.4407,3427.0,0.387661,5,1495.98,3.71944,1520.9078,1.58,1281.0,1.51,10.5,15,1.4,0.1,10.9,3.2,1.0,5,,False,,1,1,False,1167.7,False,12,14,1540.0,1.42,13.3,3.3,11.4,10,0.8571428571428571,1.5488245394160869,1.0201284650330156,True,True,True,11.4,True
119081096,12.4268,3817.0,0.503498,2,761.52,1.25742,1518.5781,2.4,805.0,1.56,7.3,26,1.7,-2.3,6.9,3.4,1.0,1,,False,,1,1,False,1788.7,False,22,25,1000.0,2.37,10.6,2.3,9.6,12,0.88,1.2843998567933463,1.868576975702784,True,True,True,9.6,True
422217860,11.8706,3687.0,0.621449,3,1245.25,4.99218,2555.0604,1.58,1423.0,2.56,7.9,8,0.3,1.3,6.1,4.7,1.0,4,,False,,1,1,False,1507.1,False,8,8,1502.0,1.33,10.1,0.4,9.1,8,1.0,2.3401410506526195,0.6751729770986963,True,True,True,9.1,True
277634430,12.0874,3306.0,0.241857,7,1523.93,4.1846,1571.4601,1.58,773.0,0.73,8.1,36,0.2,-2.4,5.8,4.1,1.0,12,,False,,1,1,False,1621.4,False,34,35,925.0,2.68,9.8,1.1,9.1,12,0.9714285714285714,1.1761572373725333,1.3433578009770428,True,True,True,9.1,True
328081248,11.1798,3521.0,0.343358,2,763.06,14.01036,2780.5903,1.58,2191.0,1.75,11.6,4,1.6,0.5,8.9,4.4,2.0,5,"00328081248-02(1:1,ntoi=2)",True,,1,2,False,1062.5,False,4,4,2443.0,1.21,12.3,2.1,8.6,4,1.0,2.2225737086726878,0.7108875596947334,True,True,True,8.6,True
468983280,11.6923,3547.0,0.415961,5,1793.74,8.96664,1497.4753,1.2,1043.0,1.47,7.4,13,1.6,-0.4,5.5,4.1,1.0,3,,False,,2,2,False,1267.0,False,13,13,1068.0,1.86,9.8,1.0,8.2,10,1.0,2.1766400421683945,0.5513084280139153,True,True,True,8.2,True
284441182,11.4752,3624.0,0.49012,6,1871.15,12.63583,1771.4978,2.25,1555.0,2.11,7.8,9,0.5,0.3,7.2,4.6,1.0,9,,False,,1,1,False,1307.5,False,9,9,1458.0,1.77,8.9,1.1,7.9,7,1.0,2.722353399619292,0.8264907856249125,True,True,True,7.9,True
119584412,9.85623,3815.0,0.545591,2,764.19,6.6888,1900.0799,2.4,369.0,1.14,7.8,6,1.1,0.9,7.2,4.0,1.0,3,,False,,1,1,False,492.7,False,6,6,404.0,2.03,8.9,2.9,7.0,4,1.0,2.3653885811000923,1.0146324452466118,True,True,True,7.0,True
240968774,10.5977,3834.0,0.490737,4,1871.09,10.21795,1770.9581,1.2,623.0,1.34,7.1,9,0.8,0.3,6.7,4.4,1.0,5,,False,,1,1,False,695.7,False,9,9,633.0,2.68,8.5,3.0,6.9,7,1.0,2.5384118558858786,0.4727365250904932,True,True,True,6.9,True
384888319,10.1406,3611.0,0.492759,3,784.83,14.21153,2449.6015,2.25,413.0,1.09,7.1,6,0.0,1.4,6.3,4.3,2.0,5,,False,,1,1,False,526.1,False,6,6,448.0,1.5,8.7,0.6,6.8,6,1.0,2.8412641801884093,0.7919010191621106,True,True,True,6.8,True
176963071,12.1277,3517.0,0.49517,2,1133.35,8.85405,2665.4845,1.5,2245.0,2.56,7.2,4,0.5,0.3,6.2,3.8,1.0,6,,False,,0,1,False,1777.3,False,4,4,2386.0,1.27,8.2,1.0,6.6,4,1.0,2.434586264027224,0.6161211135393257,True,True,True,6.6,True
260657291,12.0365,3814.0,0.547515,26,2607.48,4.06079,1329.1723,0.5,1497.0,2.31,7.7,46,0.5,-0.9,6.1,5.1,1.0,32,,False,,0,1,False,1415.2,False,13,13,2234.0,1.35,9.8,1.3,6.2,6,1.0,2.0075936756284234,0.2490543809087705,True,True,True,6.2,True
