tic,Tmag,Teff,rad,nsec,baseline,P,t0,dur_h,depth_ppm,rp_re,snr,ntr,oe_sig,sec_sig,block_snr,block_sde,alias,n_tce_same_star,tce_match,has_tce_match,nearby_toi_match,n_nearby_toi,n_toi_ctoi_within_1arcmin,same_star_tois,deep_or_fp_toi_same_star,harmonic_of_same_star_toi,archive_planet_match,sys13_7,rms10_ppm,matches_known_planet,n_pos_transits,n_transits_measured,median_transit_ppm,max_over_median,snr_comb,chi2_depths,snr_wo_max,n_transits_sig,frac_pos,tmax_h,dur_ratio,claimed_nearby,pass_phys,consistent,rank_snr
259606227,9.4738,6802.0,1.9,3,104.92,1.06393,4046.5471,3.15,154.0,2.57,12.9,61,0.8,0.7,13.3,10.7,1.0,1,,False,,1,1,"TOI6555.01:P=10.13,d=0.689mmag,PC",False,,,False,386.8,False,56,61,181.0,2.25,14.2,2.1,13.7,32,0.918032786885246,2.9445236463949684,1.0697825449140477,False,True,True,13.7
67535663,10.2696,6758.0,1.45,2,53.05,0.58952,4046.6465,2.1,252.0,2.51,11.1,69,0.2,3.4,11.3,7.3,1.0,0,,False,,1,1,"TOI4299.01:P=6.602,d=0.652mmag,PC",False,,,False,630.8,False,60,69,301.0,2.92,12.3,2.3,11.8,26,0.8695652173913043,2.019698191916993,1.0397593107744425,False,True,True,11.8
146282666,9.1259,5857.0,1.22058999538422,6,2904.61,9.99508,1389.3094,4.8,175.0,1.76,11.5,13,1.9,1.3,10.2,7.9,1.0,5,,False,,1,1,"TOI4298.01:P=722.3,d=0.522mmag,PC",False,,,False,300.1,False,13,13,154.0,2.4,13.1,2.0,11.8,12,1.0,4.625765252369408,1.0376661456266822,False,True,True,11.8
124573851,10.1755,5581.9,0.99,4,2200.55,9.52919,1550.9957,2.4,456.0,2.31,10.6,10,1.1,0.4,7.5,5.7,1.0,8,"00124573851-02(1:1,ntoi=2)",True,,1,1,"TOI669.01:P=3.945,d=0.913mmag,CP",False,,,False,491.3,False,10,10,464.0,1.87,13.0,1.8,11.7,10,1.0,3.959591827375663,0.6061230815274895,False,True,True,11.7
159851831,10.4514,4579.0,0.8,4,1522.47,14.1021,1996.5449,6.0,608.0,2.15,10.9,4,0.2,1.8,10.1,4.0,1.0,1,,False,,1,1,"TOI5741.01:P=24,d=1.35mmag,PC",False,,,False,651.1,False,4,4,724.0,1.3,13.7,2.4,11.0,4,1.0,3.914679533945387,1.5326925098139348,False,True,True,11.0
450649506,10.2089,5801.2,1.62,4,1083.96,8.12415,3046.6717,2.25,689.0,4.64,9.9,6,1.2,-0.1,6.6,3.7,1.0,4,,False,,1,1,"TOI4371.01:P=1.06,d=1.14mmag,PC",False,,,False,672.4,False,6,6,950.0,1.21,12.6,2.9,10.9,5,1.0,5.213678914206919,0.4315570707411428,False,True,True,10.9
295541511,10.4055,5731.0,1.02,5,1815.44,4.57866,2366.1199,1.8,407.0,2.24,10.7,22,1.2,0.1,9.9,8.6,1.0,2,,False,,1,1,"TOI1117.01:P=2.228,d=0.684mmag,PC",False,,"TOI-1117 c(P=4.579,Radial Velocity,1:1)",True,589.4,False,22,22,461.0,2.07,11.7,1.5,10.6,14,1.0,3.163645941167053,0.5689637947715444,False,True,True,10.6
469810663,10.0094,6009.6,1.35,5,2519.31,12.69091,1662.1576,4.2,336.0,2.7,10.7,10,1.7,3.7,9.2,4.5,1.0,1,,False,,2,2,"TOI7060.01:P=5.85,d=0.477mmag,PC;TOI7060.02:P=1065,d=1.41mmag,PC",False,,,False,553.5,False,10,10,393.0,1.52,12.0,1.9,10.5,9,1.0,5.357083237624337,0.7840087252149064,False,True,True,10.5
82452140,10.0011,5717.0,1.01496005058289,6,1523.67,14.67821,1970.5202,3.15,347.0,2.06,9.3,10,0.2,0.7,6.2,4.6,1.0,6,,False,,1,2,"TOI2289.01:P=63.4,d=0.925mmag,PC",False,,,False,475.8,False,9,9,404.0,1.58,11.5,2.1,10.0,8,1.0,4.649418349757499,0.6775041011666105,False,True,True,10.0
420529106,10.3012,4504.0,0.72,3,105.01,21.95236,4049.7315,3.0,674.0,2.04,8.9,4,2.5,0.4,9.6,6.7,1.0,1,,False,,1,1,"TOI6558.01:P=9.533,d=1.28mmag,PC",False,,,False,649.4,False,4,4,879.0,1.26,12.5,3.2,9.8,4,1.0,4.229188380763095,0.7093559638170325,False,True,True,9.8
161738745,9.6235,4935.7,1.94,3,79.06,7.69172,4049.3352,6.3,195.0,2.96,8.6,9,2.7,-1.0,8.8,3.7,1.0,3,,False,,1,1,"TOI6544.01:P=3.625,d=0.812mmag,PC",False,,,False,438.9,False,8,9,304.0,1.31,10.2,3.5,8.9,8,0.8888888888888888,5.773208859574479,1.0912475459036743,False,True,True,8.9
259606227,9.4738,6802.0,1.9,3,104.92,3.19188,4048.6658,3.15,168.0,2.68,8.5,20,0.3,-1.1,8.9,5.8,1.0,1,,False,,1,1,"TOI6555.01:P=10.13,d=0.689mmag,PC",False,,,False,386.8,False,20,20,181.0,2.47,9.6,1.4,8.7,9,1.0,4.246777878974792,0.7417388169970491,False,True,True,8.7
238898571,9.954701,5867.0,0.85030198097229,11,2607.67,22.92385,1444.0705,2.4,269.0,1.52,7.3,13,1.5,-0.2,8.5,4.6,2.0,6,,False,,1,1,"TOI863.01:P=0.5251,d=0.301mmag,PC",False,,,False,458.4,False,11,12,370.0,2.04,9.8,2.9,8.6,9,0.9166666666666666,4.793870234783331,0.500639333661161,False,True,True,8.6
146282666,9.1259,5857.0,1.22058999538422,6,2904.61,49.97522,1389.3344,4.8,220.0,1.98,9.1,5,1.2,0.8,7.9,5.1,1.0,5,,False,,1,1,"TOI4298.01:P=722.3,d=0.522mmag,PC",False,,,False,300.1,False,5,5,248.0,1.66,10.5,2.5,8.5,5,1.0,7.909937819904035,0.6068315717882893,False,True,True,8.5
9151337,10.4309,4571.0,0.72,2,1119.87,6.55855,1847.8953,2.25,883.0,2.33,11.1,5,0.5,1.4,11.4,3.8,1.0,1,,False,,1,1,"TOI5572.01:P=5.859,d=1.24mmag,PC",False,,,False,661.0,False,4,4,975.0,1.35,10.1,3.3,8.3,4,1.0,2.827261002990129,0.7958232358527868,False,True,True,8.3
146282666,9.1259,5857.0,1.22058999538422,6,2904.61,28.89663,1398.3031,6.3,215.0,1.95,9.2,4,0.7,0.5,9.4,6.9,1.0,5,,False,,1,1,"TOI4298.01:P=722.3,d=0.522mmag,PC",False,,,False,300.1,False,4,4,229.0,1.34,9.9,0.6,8.3,4,1.0,6.589774655737211,0.9560266214133852,False,True,True,8.3
154840461,8.40534,6528.3,1.69,13,1979.27,46.71686,1727.5399,3.6,164.0,2.36,8.9,6,1.3,-2.2,11.1,3.8,2.0,22,,False,,1,1,"TOI1153.01:P=6.036,d=1.07mmag,APC",False,,,False,226.8,False,6,6,258.0,1.26,9.7,3.0,8.1,5,1.0,9.607800544721757,0.3746955386139583,False,True,True,8.1
9151337,10.4309,4571.0,0.72,2,1119.87,3.02777,1843.4797,4.2,309.0,1.38,9.4,13,1.3,0.6,10.5,3.2,1.0,1,,False,,1,1,"TOI5572.01:P=5.859,d=1.24mmag,PC",False,,,False,661.0,False,13,13,359.0,2.23,8.9,3.8,7.9,8,1.0,2.185097996504185,1.9221105903347784,False,True,True,7.9
29191624,8.737001,5859.45,0.98,2,765.34,6.40988,1871.8016,2.25,203.0,1.52,8.1,7,0.4,0.1,6.5,4.2,1.0,2,,False,,1,1,"TOI1777.01:P=14.65,d=0.358mmag,CP",False,,,False,253.3,False,7,7,245.0,1.47,9.0,1.6,7.7,6,1.0,3.445950046731912,0.652940399450615,False,True,True,7.7
198512478,8.1319,5464.0,0.9,8,1711.22,25.32377,1689.4666,2.1,164.0,1.26,8.5,7,0.4,0.0,7.1,4.2,1.0,2,,False,,1,1,"TOI5392.01:P=17.53,d=0.332mmag,PC",False,,,False,209.0,False,7,7,186.0,1.32,8.8,1.4,7.7,6,1.0,5.146904228264981,0.4080122549138453,False,True,True,7.7
270619211,9.7548,6718.0,1.557289958000183,5,1849.61,6.52729,1686.1506,4.2,151.0,2.09,7.9,19,2.4,-1.4,7.8,4.2,0.5,1,,False,,1,1,"TOI7910.01:P=77.48,d=1.48mmag,PC",False,,,False,441.4,False,15,19,198.0,2.32,8.6,2.8,7.4,12,0.7894736842105263,4.720980995966562,0.8896456061967483,False,True,True,7.4
179739873,10.1115,5996.0,1.39,2,1816.83,5.6418,2335.2425,2.25,397.0,3.02,7.9,8,1.2,-1.0,7.3,3.4,1.0,1,,False,,1,1,"TOI6556.01:P=12.96,d=2.64mmag,PC",False,,,False,551.3,False,8,8,416.0,1.93,8.5,2.2,6.9,6,1.0,4.16892475259341,0.5397075105757946,False,True,True,6.9
142387023,8.9754,5182.0,0.82,7,1524.13,17.72814,1871.1618,2.1,192.0,1.24,7.8,10,0.2,1.7,9.5,3.7,2.0,5,,False,,1,2,"TOI1824.01:P=22.81,d=1.06mmag,CP",False,,,False,289.6,False,10,10,185.0,2.55,7.9,3.4,6.9,6,1.0,4.295086551525141,0.488930775854636,False,True,True,6.9
219778329,8.1529,5809.0,1.15024995803833,38,1979.26,54.76998,1708.5561,0.6,162.0,1.6,7.0,15,0.1,1.1,8.0,5.5,1.0,9,,False,,1,1,"TOI2091.01:P=177.2,d=0.32mmag,PC",False,,,False,207.0,False,14,15,200.0,1.49,8.2,1.9,6.7,8,0.9333333333333332,7.838819040711273,0.0765421419838718,False,True,True,6.7
144645881,9.326,6606.0,1.75209999084473,4,1842.97,24.89139,2335.5249,2.25,399.0,3.82,8.9,4,2.7,2.4,8.9,4.4,2.0,4,,False,,1,1,"TOI4333.01:P=8.902,d=1.55mmag,PC",False,,,False,349.4,False,4,4,391.0,1.56,9.1,2.2,6.5,4,1.0,7.978671821748326,0.2820018231439138,False,True,True,6.5
267414551,9.7472,6105.1,1.48,5,1792.43,13.58806,2320.3242,2.25,567.0,3.85,7.2,5,0.0,0.9,7.8,3.4,2.0,0,,False,,1,1,"TOI1972.01:P=4.763,d=0.923mmag,PC",False,,,True,602.8,False,5,5,757.0,1.27,8.6,0.8,6.5,4,1.0,5.826869025277399,0.386142195789768,False,True,True,6.5
424388628,9.4287,4193.0,0.725063979625702,35,1979.26,14.73088,1696.4382,0.75,189.0,1.09,7.0,43,1.2,-1.3,7.1,5.8,1.0,6,,False,,1,1,"TOI6075.01:P=832.9,d=0.645mmag,PC",False,,,False,377.6,False,33,43,215.0,2.91,7.3,1.3,6.5,6,0.7674418604651163,3.7199355154974847,0.2016163981540682,False,True,True,6.5
142937186,9.0138,4072.0,0.68,4,2146.05,22.19137,2158.913,1.8,373.0,1.43,8.5,4,0.3,-0.3,7.1,3.4,2.0,4,,False,,1,1,"TOI2427.01:P=1.306,d=0.608mmag,CP",False,,,False,308.0,False,4,4,442.0,1.22,8.0,1.5,6.3,4,1.0,4.085785918731282,0.4405517165615314,False,True,True,6.3
270619211,9.7548,6718.0,1.557289958000183,5,1849.61,20.05178,1700.3256,4.2,258.0,2.73,7.7,6,0.9,-0.7,7.5,3.9,1.0,1,,False,,1,1,"TOI7910.01:P=77.48,d=1.48mmag,PC",False,,,False,441.4,False,6,6,321.0,1.39,7.8,3.0,6.3,5,1.0,6.862867167891692,0.6119891143529537,False,True,True,6.3
426032475,9.0529,6289.7,1.86,7,2607.82,37.60579,1332.2293,3.6,183.0,2.75,7.0,6,0.1,-1.0,6.6,3.7,1.0,1,,False,,2,2,"TOI6729.01:P=7.837,d=0.161mmag,CP;TOI6729.02:P=3.864,d=0.118mmag,CP",False,,,False,291.1,False,6,6,213.0,1.36,8.1,1.7,6.2,5,1.0,9.527270493667734,0.3778626840072114,False,True,True,6.2
179739873,10.1115,5996.0,1.39,2,1816.83,10.11415,2335.8019,3.0,401.0,3.04,7.2,5,2.2,0.9,7.0,3.0,1.0,1,,False,,1,1,"TOI6556.01:P=12.96,d=2.64mmag,PC",False,,,False,551.3,False,5,5,495.0,1.73,7.5,2.4,6.1,4,1.0,5.064399504282619,0.5923703288935053,False,True,True,6.1
368628986,9.57157,6317.08,1.37829995155334,4,811.51,19.71657,2450.0249,3.0,267.0,2.46,7.6,6,1.2,0.7,7.3,4.5,1.0,4,,False,,1,1,"TOI6983.01:P=31.16,d=0.366mmag,PC",False,,,False,370.1,False,6,6,269.0,2.18,7.8,3.8,6.0,5,1.0,6.2909259950229535,0.4768773313139338,False,True,True,6.0
