tceid,tic,sectors,P,t0,depth_ppm,dur_h,snr,ntr,offset_arcsec,offset_sig,tgt_Tmag,tgt_Teff,tgt_rad,nb_tic,nb_sep_from_offset_arcsec,nb_Tmag,nb_Teff,nb_rad,nb_d_pc,nb_lumclass,nb_flux_frac,depth_on_nb_ppm,rp_on_nb_re,nb_claimed_within_1arcmin,nb_is_toi_ctoi
00301956407-01,301956407,s0096,1.8314,1625.04,27295.8,2.44475,1066.39,63,16.46717,3.32406324839602,6.0085,6079.38,1.58171,301956412,14.287136867168503,15.046,5575.0,1.49664,1886.01,DWARF,0.0,23626332,793.67,0,False
00320855910-01,320855910,s0001-s0039,1.37735,1569.71,24282.1,5.53815,855.5435,66,43.65415,3.1977595103241554,4.2594,,,320855933,9.02726424412682,11.6556,5494.0,1.49859,350.672,DWARF,0.001,22092448,768.47,0,False
00396713719-01,396713719,s0086,1.04091,1791.08,9657.76,2.84962,720.5214,202,27.44437,10.961686936300932,8.72028,9646.0,1.71719,396713716,1.1719508398551919,11.4121,6277.0,1.5215,437.485,DWARF,0.077,114584,56.19,0,False
00290476605-01,290476605,s0096,5.74427,1519.49,27569.5,3.50799,686.5895,14,12.8778,3.093356290854952,6.3463,6687.0,2.0443,804383128,10.170918866532727,9.6878,,,,nan,0.044,597764,,0,False
00279081935-01,279081935,s0086,2.85694,1791.52,28898.4,3.79346,671.8768,60,15.34837,6.123996365909937,10.5838,8644.0,3.35621,279081931,1.0632770953868889,12.8749,6689.0,1.52754,708.132,DWARF,0.108,234107,80.64,0,False
00235735125-01,235735125,s0014-s0041,9.61124,2015.48,26204.9,10.8582,664.7633,5,23.73408,8.603974185989351,5.77811,8790.0,3.36118,235735118,5.568898368190283,17.274,,,,nan,0.0,26074485,,0,False
00120362128-01,120362128,s0086,1.64392,1684.46,29264.8,8.80188,643.6424,129,24.87375,9.880019749116315,8.4761,5937.0,2.18958,120362137,2.4977654955352318,9.653,6750.0,4.21478,631.301,DWARF,0.253,80939,130.82,0,False
00469460566-01,469460566,s0086,0.761274,1711.79,18406.1,4.15362,613.309,414,7.681533,3.071383418079401,11.1113,4936.0,9.8043,469460563,0.9310669085049348,13.6784,5518.0,2.52032,1375.3,DWARF,0.086,214201,127.26,0,False
00062642421-01,62642421,s0044,3.31526,2503.31,29600.7,3.82293,582.3986,7,19.54598,7.818004226990341,6.25567,12075.9,,720241917,6.338357760853663,19.063,,,2586.23,nan,0.0,29540880,,0,False
00347465421-01,347465421,s0096,731.61,1639.19,13996.5,10.322,571.2183,4,29.16293,4.268009012848402,5.5155,6764.0,2.66705,347465375,18.377837863851475,15.5764,,,,nan,0.0,13684638,,0,False
00235666667-01,235666667,s0055,26.3845,2034.6,17497.0,12.025,570.3768,3,23.9906,9.596209292130267,5.7854,5412.4,1.94813,1684604636,7.297001432027506,14.3016,5635.0,1.01086,885.187,DWARF,0.0,17453643,460.74,0,False
00408294141-01,408294141,s0086,1.0461,2797.84,6389.42,2.12618,553.2615,40,36.71772,3.22807332190426,5.4366,6119.77,1.98186,408294147,7.944832055068794,15.0247,5388.0,1.00596,1165.48,DWARF,0.0,3109498,193.53,0,False
00158728853-01,158728853,s0086,0.8281969999999998,1684.07,29427.1,2.71351,513.442,261,12.27497,4.9048359603072935,11.2295,5715.96,3.64324,158728860,2.8555592348052845,12.6446,5072.19,0.887284,,nan,0.214,137767,35.93,0,False
00268839084-01,268839084,s0086,3.81482,2422.74,28502.5,7.488,511.4996,48,13.01963,3.6465823522244927,6.4663,,,1880194119,10.507519888022475,14.1575,5672.0,1.39643,1169.73,DWARF,0.001,28502500,813.36,0,False
00184519651-01,184519651,s0086,2.00216,2420.33,8976.17,3.89498,508.4606,89,14.12021,4.670623406487704,6.4296,10328.0,6.97988,184519673,2.772832795780072,7.1158,9861.0,7.72772,552.901,GIANT,0.347,25864,135.59,0,False
00379783522-01,379783522,s0065,1.22505,1597.61,13791.2,4.3016,507.7073,100,24.19947,3.0243935177078995,5.4351,,,379783528,16.417506606550283,7.6828,7146.0,2.33205,151.116,DWARF,0.112,123107,89.27,0,False
00115064173-01,115064173,s0078,1.75029,2390.73,14584.1,2.4167,478.5068,53,7.716648,3.0811082753311636,8.7155,6084.0,3.04047,115064177,0.4165154113962008,10.7718,5902.0,1.26408,258.902,DWARF,0.131,95618,42.65,0,False
00394657952-01,394657952,s0069,0.8723819999999999,1596.82,20465.1,3.04016,476.2663,99,26.96943,10.738649123449692,10.2562,5725.0,1.099,394657960,1.7604796291323446,12.2846,6343.0,2.44402,798.463,DWARF,0.134,136055,98.35,0,False
00038116680-01,38116680,s0046,1.57791,2281.43,13239.3,3.12614,432.7965,43,16.30616,6.30397332764257,8.8701,7333.0,2.56752,38116677,0.48976531544486124,11.7488,5163.0,1.15585,290.883,DWARF,0.066,188959,54.82,0,False
00280909668-01,280909668,s0069,0.969014,1596.88,6609.62,4.0351,426.9073,287,37.11292,14.78635969023998,9.1128,6023.6,1.95193,280909671,2.162557008547695,10.7576,6120.0,2.33102,448.903,DWARF,0.18,32991,46.19,0,False
00436869712-01,436869712,s0072,0.7469339999999999,1791.07,15318.1,3.93876,407.5158,209,34.20857,13.55955871918847,10.3301,4269.0,0.663587,436869715,2.246997707946483,12.974,6284.2,1.86808,1095.85,DWARF,0.081,175274,85.33,0,False
00349911034-01,349911034,s0096,0.5384809999999999,1543.71,12389.9,1.85546,392.0494,895,33.51924,13.40569587017617,11.8286,5799.64,1.33609,349911023,0.834882331088995,14.2554,4697.0,1.01101,613.76,DWARF,0.097,121821,38.5,0,False
00364120439-01,364120439,s0086,9.32023,1740.87,16304.1,5.73419,387.3186,59,27.08371,10.75702307994773,9.6844,4841.0,5.40544,364120441,4.402554621401477,10.8007,6691.0,1.43396,308.81,DWARF,0.263,61889,38.92,0,False
00305466446-01,305466446,s0086,3.29995,1711.52,24574.6,4.83643,362.0968,76,40.58177,16.181812961872318,10.8725,4987.0,0.713031,305466425,2.8444110696703255,11.9065,5502.0,1.48408,425.425,DWARF,0.278,73286,43.83,0,False
00284322437-01,284322437,s0043,0.939845,2474.98,26945.1,4.43207,352.1535,23,8.089119,3.2356217150262796,7.0146,,,718985695,7.481149715027268,7.3271,,,283.406,nan,0.429,62877,,0,False
00214299836-01,214299836,s0001,0.871237,1325.75,12042.9,3.68592,340.4193,31,8.806788,3.522698291048203,6.0776,6292.0,3.56023,2027176902,7.304229967645283,9.8937,,,109.403,nan,0.029,404737,,0,False
00455732776-01,455732776,s0060,0.692528,1764.78,26327.3,4.60007,335.931,64,40.45426,15.194619004532365,10.2895,5069.0,0.971283,455732770,2.752815726368726,11.5059,6210.0,2.14222,626.282,DWARF,0.246,94718,71.93,0,False
00420246806-01,420246806,s0092,6.22598,3809.03,18009.2,5.75419,334.6078,3,23.33165,9.332521878676197,5.90199,12162.0,,1490235214,6.483169522540937,17.8086,,,4985.65,nan,0.0,17856675,,0,False
00196907008-01,196907008,s0092,0.872526,3097.83,12944.6,6.39398,333.6585,72,88.91142,34.8823802656213,8.4105,5120.0,2.35805,197010428,3.893695764734249,7.7371,12248.0,,538.207,nan,0.65,19907,,0,False
00254045302-01,254045302,s0096,2.88879,1654.84,12439.9,5.3973,320.1729,23,56.20546,22.26771032126966,7.2363,,,254045303,1.7972260523147925,8.655,6928.0,2.09168,136.009,DWARF,0.213,58391,55.14,0,False
00260192157-01,260192157,s0096,2.1857,1598.89,17738.4,4.48147,319.3561,184,19.29291,7.7070431109866515,12.1316,5224.0,1.09897,260192156,4.963708110079344,13.4608,,,748.953,DWARF,0.227,66709,,0,False
00237117591-01,237117591,s0086,6.79799,1962.34,6699.55,6.5971,317.2576,104,44.88551,17.951281531366693,9.3262,6527.0,2.38548,237117602,0.6476173043535648,11.5074,6400.71,1.81305,600.883,DWARF,0.118,52503,45.32,0,False
00230069712-01,230069712,s0086,1.96712,1766.64,5124.37,5.09526,315.6521,328,37.8673,15.132979499285259,8.0606,4719.0,8.95791,230069709,1.00268670106536,12.4029,6356.0,1.79369,883.28,DWARF,0.018,284739,104.42,0,False
00295802147-01,295802147,s0086,1.65367,1683.53,19602.9,3.55291,312.8579,141,22.90144,9.14086099101458,11.4804,9133.0,2.30682,295802174,1.8237963041244183,14.0026,,,883.571,DWARF,0.089,179026,,0,False
00294261093-02,294261093,s0065,1.32913,1569.87,8777.819999999998,8.75333,309.8659,36,26.6849,7.9427902649035405,5.1076,3984.0,,907761973,8.504461245484109,15.7281,5216.0,1.07305,1298.74,DWARF,0.0,8777820,346.85,0,False
00150101476-01,150101476,s0096,3.27853,1544.05,22855.3,4.17689,306.7171,125,28.51019,9.83203573857374,11.0576,6321.51,4.22292,150101478,3.739438781675067,16.3461,5842.0,0.894637,2291.52,DWARF,0.008,1089858,101.9,0,False
00063315565-01,63315565,s0086,0.8553049999999999,1711.78,6027.49,5.12263,299.4976,229,48.63153,18.920175555653252,5.91047,4824.84,11.8631,63315583,1.4207130029791246,9.03045,7926.0,3.14917,443.584,DWARF,0.053,112719,115.35,0,False
00156758188-01,156758188,s0065,2.09734,1470.27,11099.2,6.09056,291.2424,31,24.82744,9.919409967977339,8.7686,6682.0,1.32256,156758186,0.7551203117548826,13.0978,7476.0,2.26198,1689.37,DWARF,0.018,599555,191.09,0,False
00306900161-01,306900161,s0096,3.56281,1572.31,20096.5,3.54057,289.7467,94,20.27047,7.490619390018307,11.6368,5791.3,1.0915,806229730,5.267124844564533,19.3867,,,530.607,nan,0.001,9747749,,0,False
00279569718-01,279569718,s0096,3.97941,1356.11,7849.1,5.22061,287.949,154,63.19361,24.88390014246686,10.1299,6119.6,1.36549,279569707,4.3817469571851095,9.0634,7801.0,1.97832,255.124,DWARF,0.728,9239,20.75,0,False
00294261093-01,294261093,s0065,2.65831,1569.74,8274.59,8.12081,285.3892,36,27.11413,8.050759865874758,5.1076,3984.0,,907761973,9.040252468298506,15.7281,5216.0,1.07305,1298.74,DWARF,0.0,8274590,336.76,0,False
00441602378-01,441602378,s0078,1.27461,1843.77,12902.6,2.45325,282.1489,132,32.501,12.957298841134847,9.8977,4956.0,3.40026,441602383,0.9041057737223979,12.6625,5582.0,0.99823,441.26,DWARF,0.073,177566,45.89,0,False
00151826930-01,151826930,s0065,1.34766,1543.36,8677.0,5.60382,274.3669,52,61.43291,24.498297203745356,8.7427,5202.0,0.818248,151826931,5.717979668408965,9.3395,7036.0,2.32492,314.253,DWARF,0.366,22618,38.15,0,False
00146688260-01,146688260,s0003,0.5030689999999999,1382.24,21862.1,1.44125,273.9516,36,22.9946,9.195533760132957,9.9289,5551.0,1.17513,146688261,2.121413964818429,12.7744,3803.0,0.686023,151.36,DWARF,0.068,305012,41.34,0,False
00468177090-01,468177090,s0069,1.85766,2037.31,10462.9,4.07061,269.8299,51,48.99181,7.439806459803447,9.7565,4953.0,4.17036,468179179,0.9856969308948936,11.9287,6191.0,1.77773,615.119,DWARF,0.119,87826,57.48,0,False
00351701483-01,351701483,s0086,8.9554,1984.02,19732.3,5.97401,269.7191,13,34.91779,4.412505113181222,5.64772,14536.0,,351701488,17.761014504983898,16.0976,5777.0,1.39742,3126.1,DWARF,0.0,19732300,677.24,0,False
00141148944-01,141148944,s0022,0.865187,1899.48,10530.0,4.44334,267.3263,28,62.34547,24.816408918156817,6.95256,9090.0,2.48229,141148940,1.7799698249450737,6.5925,8350.0,2.57063,93.3737,DWARF,0.582,12519,31.38,0,False
00089614511-01,89614511,s0009,4.1415,1547.15,10879.1,2.9567,263.4277,6,17.37275,6.947793814762824,6.5352,,,89614501,4.064442283266592,16.7465,,,,nan,0.0,10879100,,0,False
00358335586-01,358335586,s0069,1.22128,1411.56,7000.66,3.26082,263.2434,150,38.86108,15.505686390846552,9.3254,10220.0,3.84426,358335591,0.33345263424250066,12.9958,8001.0,2.3717,2127.62,DWARF,0.033,206856,117.68,0,False
00151826930-01,151826930,s0010,2.69521,1570.3,16642.5,5.19029,251.931,8,61.15195,24.43721275202195,8.7427,5202.0,0.818248,151826931,5.993228605626219,9.3395,7036.0,2.32492,314.253,DWARF,0.366,43382,52.83,0,False
00016245795-03,16245795,s0001-s0039,26.1255,1631.44,27118.9,4.33789,247.3627,3,26.81507,8.250369365749318,4.5641,9986.0,4.90341,1520210043,7.025896549991261,17.4819,,,4361.92,nan,0.0,26799848,,0,False
00407594410-01,407594410,s0081,3.81742,3508.44,12691.0,8.50953,244.5916,6,36.90271,14.761036764682354,3.9347,,,1862376767,3.939003011313468,18.0807,,,3376.61,nan,0.0,12691000,,0,False
00256327585-01,256327585,s0086,13.4948,1684.83,4760.07,7.17592,243.1808,41,11.95773,4.681715994540616,9.56433,5815.0,1.35582,256327589,2.448284294927498,13.9658,5941.0,1.84641,1644.47,DWARF,0.017,273058,105.26,0,False
00359552377-01,359552377,s0086,3.43913,1844.55,11045.6,11.4034,241.0149,208,65.00283,25.984709663492673,10.9112,6487.0,2.34863,359552389,0.37423198244680456,12.3477,6524.0,3.48163,1717.01,DWARF,0.21,43975,79.65,0,False
00213514265-01,213514265,s0069,2.32784,1625.92,11212.1,8.957449999999998,240.6142,17,11.46956,4.50182297462201,9.4261,6403.0,1.23874,213514283,1.1561491825909376,13.142,6318.0,4.96285,2611.62,DWARF,0.032,312586,302.72,0,False
00337695328-01,337695328,s0046,5.15399,2529.52,14193.9,4.90975,240.5965,9,16.40578,6.474244151653883,8.2517,8624.0,2.71269,337695326,1.3954145030579432,11.1635,5897.0,1.6764,407.869,DWARF,0.064,208515,83.52,0,False
00022766107-01,22766107,s0065,1.72623,1492.93,10358.1,1.82473,240.5294,53,9.145377000000002,3.6531810125505264,9.5116,5430.0,0.846222,22766106,2.117011550780184,11.1737,4274.0,0.658261,85.0579,DWARF,0.178,47810,15.7,0,False
00455463415-01,455463415,s0065,5.85286,1627.16,23812.2,7.42398,240.5148,9,25.01254,10.004815903681928,6.0107,,,455463344,4.91759356160974,17.3797,,,,nan,0.0,23812200,,0,False
00280738935-01,280738935,s0065,0.756591,1543.86,8057.779999999999,3.98609,238.9754,124,25.57879,10.200648836620386,10.1974,5880.0,1.21367,280738912,1.7326583922939915,13.3953,6028.0,2.73979,1845.88,DWARF,0.05,143958,113.41,0,False
00150390189-01,150390189,s0096,1.26951,1517.62,2614.52,2.45754,238.6122,308,51.30611,20.511876281339852,8.5402,4032.0,48.6041,150390197,0.2811541736227705,12.6047,4870.0,1.11928,363.21,DWARF,0.023,113071,41.06,0,False
00219096494-01,219096494,s0086,4.03721,1686.33,4589.33,6.65916,238.4133,223,57.67948,23.06713243924727,10.8772,5901.0,0.783121,219096486,1.5905711549147532,12.171,6189.0,2.06346,869.999,DWARF,0.233,18688,30.78,0,False
00124916068-01,124916068,s0001-s0039,24.3093,1633.83,26970.1,12.4854,238.1791,3,25.90151,10.350766631393522,5.8521,7065.0,2.44784,1336787139,7.587556386048631,17.5847,,,442.348,nan,0.0,26471335,,0,False
00263996264-01,263996264,s0033,1.04097,2202.33,9408.58,4.03981,234.104,24,22.8718,9.148537029259415,8.58861,5874.0,2.32457,263996247,3.3467026871338144,10.653,8104.0,3.46898,1082.78,DWARF,0.13,62687,94.76,0,False
00382028425-01,382028425,s0096,8.846299999999998,1362.92,4517.77,11.9248,233.789,106,20.768,8.259076015870725,9.2276,6877.1,2.16937,382028432,2.1672495809349233,14.183,5088.0,2.94085,2213.36,GIANT,0.01,355685,191.35,0,False
00451072731-01,451072731,s0096,0.6028029999999999,2307.42,2843.5,2.00704,232.6865,168,33.50476,13.254765499147068,8.0481,5449.0,19.8474,451072729,0.15945233492249816,12.5662,6270.0,1.80793,795.081,DWARF,0.015,185272,84.9,0,False
00245068274-02,245068274,s0001-s0039,0.8537609999999999,2308.0,29405.1,2.23229,226.8344,27,13.37161,4.745027192793821,10.4983,5871.0,0.928365,245068282,2.33201357149296,12.2934,4265.0,0.786101,162.802,DWARF,0.161,140103,32.1,0,False
00104909909-02,104909909,s0055,1.30583,1684.47,29571.8,4.41678,223.9844,79,8.205135,3.064733731125865,9.9112,12546.0,,104914271,2.0847597753235387,15.8194,4543.0,3.90227,2200.76,GIANT,0.004,6855438,1114.7,0,False
00349156098-01,349156098,s0096,1.20147,1325.5,2092.79,4.04197,222.1437,780,44.13295,17.648894848330826,9.7804,5661.22,1.08568,349156104,3.4287578062306387,15.1526,6352.0,1.46729,2416.76,DWARF,0.007,284087,85.32,0,False
00138205546-03,138205546,s0050,8.431089999999998,1935.28,19293.3,6.22165,221.7747,3,13.34204,4.665959302549239,8.9342,5959.0,1.27915,1000639608,6.6676995483799315,19.0083,,,786.717,nan,0.0,19290887,,0,False
00336548743-01,336548743,s0086,12.6706,3595.41,28401.4,4.71157,216.6682,4,17.38054,6.339445224591031,7.5296,,,336548753,4.0713605200867065,8.3707,,,1069.81,nan,0.315,90030,,0,False
00382069441-01,382069441,s0096,5.49091,1326.99,15457.0,10.8726,216.3875,109,68.46053,27.30623631158863,11.3792,5057.0,0.743674,382069435,2.14062414903491,10.4534,4517.0,2.69549,281.205,GIANT,0.701,20997,42.61,0,False
00233604585-01,233604585,s0086,1.57559,3313.91,16627.8,3.76857,215.8401,121,17.17042,6.5189801329733115,11.8739,6983.0,1.6688,233604589,7.455291673418564,12.1672,6217.0,2.16893,901.126,DWARF,0.433,25942,38.11,0,False
00330998582-01,330998582,s0086,5.2602,1687.98,13876.5,9.11079,210.9339,20,46.82114,18.583821831450187,8.27969,6319.0,2.19475,330998588,1.8851615153799424,9.245,7721.0,4.23768,631.907,DWARF,0.291,38884,91.17,0,False
00269696438-01,269696438,s0086,2.97893,1684.08,2845.09,3.24239,208.8942,283,47.87842,19.140580368904082,8.725,10133.0,2.86687,269696430,1.8105033401186805,10.2369,7555.0,1.6258,349.513,DWARF,0.199,13329,20.48,0,False
00428795527-01,428795527,s0078,1.37376,1791.71,15464.4,4.3412,208.6164,115,42.22139,7.937336210883305,9.17124,6454.0,1.2808,401498844,6.353405735831923,8.49043,7728.0,2.24105,239.996,DWARF,0.652,15135,30.08,0,False
00053457068-01,53457068,s0001-s0036,1.98015,2202.03,5932.14,12.1438,207.8096,26,12.72706,4.924894455988825,7.3874,5755.9,1.58461,53457066,0.722379164452389,12.0061,5536.0,4.34159,1351.91,GIANT,0.014,416399,305.65,0,False
00100205373-01,100205373,s0001-s0036,3.32128,2204.09,22844.2,7.96438,207.5108,15,35.41374,12.874184406032377,10.9814,8174.0,1.59501,100205396,2.2510501214110445,12.7424,6018.0,3.00795,1376.58,DWARF,0.165,109386,108.54,0,False
00085711393-01,85711393,s0086,1.03148,1684.3,21751.0,4.17251,206.6183,163,11.40494,4.417813896915842,11.9496,3550.0,0.4239,1871960466,6.268730945808405,15.2488,6419.0,2.99704,3523.01,DWARF,0.046,314609,183.4,0,False
00426588729-01,426588729,s0005,2.42428,1439.58,19542.9,3.98671,200.7121,11,30.28506,12.113980389670598,5.45882,15748.0,,426588728,6.37676137334831,15.2646,3333.0,0.415643,182.324,DWARF,0.0,19542900,200.47,0,False
00001332868-01,1332868,s0032,1.91823,2175.95,5417.95,2.48846,200.2201,13,10.27851,4.110739704463759,7.54,8093.0,3.23162,1332866,1.972665344799447,11.5457,5512.0,0.917174,237.892,DWARF,0.024,216892,46.6,0,False
00258775354-01,258775354,s0086,1.16391,3285.82,19740.7,2.22105,197.4558,158,17.39932,6.901942179298045,12.4566,4816.0,8.82472,258775356,2.1400862894663386,14.5021,4835.0,1.62129,1245.93,GIANT,0.132,149627,68.42,0,False
00280034849-01,280034849,s0086,1.24912,3286.42,12859.9,4.26824,195.0726,182,53.34555,21.312636311371833,12.0643,4670.0,8.62155,280034851,0.23148406185163337,12.8819,6219.0,1.89517,956.355,DWARF,0.32,40167,41.44,0,False
00409455615-01,409455615,s0057,1.6098,2854.39,17320.9,4.24191,194.7824,16,21.87881,8.751394479361707,5.80207,7963.0,4.37764,409455611,7.293025565512341,16.648,6626.0,1.22269,4250.11,DWARF,0.0,17312775,555.04,0,False
00362259855-01,362259855,s0086,0.8847829999999999,1684.04,2242.26,4.82335,193.1827,1128,50.22146,20.08318563970005,8.76847,5442.0,2.19662,362256658,1.1772698802165702,12.1063,7329.0,2.24177,1148.62,DWARF,0.044,49846,54.6,0,False
00256512446-01,256512446,s0086,8.05603,1684.6,2898.9,6.6791,190.9013,66,48.8861,19.550850463854836,8.45062,6673.0,1.85831,256512458,1.2995778788239631,11.7461,6205.0,2.22511,761.241,DWARF,0.046,60937,59.93,0,False
00256327585-02,256327585,s0086,6.7474,1684.69,3540.65,6.05036,188.9632,48,11.72367,4.651347417108347,9.56433,5815.0,1.35582,256327589,2.1954625921377566,13.9658,5941.0,1.84641,1644.47,DWARF,0.017,203107,90.79,0,False
00311291807-01,311291807,s0069,370.777,1628.21,24743.4,69.5513,187.1991,3,22.42701,8.967478858839142,5.4324,,,1309886681,5.289835372466654,19.373,,,2112.89,nan,0.0,24743400,,0,False
00189814368-01,189814368,s0078,2.79248,1842.74,15195.8,3.31403,186.4482,22,33.66859,13.29246462958781,9.94916,5820.29,0.961328,189814371,0.7546615256717354,12.2348,5173.0,0.907666,242.895,DWARF,0.109,128865,35.55,0,False
00299702740-02,299702740,s0065,1.46509,1544.49,7249.51,3.00605,186.3094,64,28.3093,11.237612914801623,10.5424,5055.0,0.796035,299702742,2.9035137480986792,14.0527,6299.0,3.77011,2767.03,DWARF,0.038,160567,164.82,0,False
00326149070-01,326149070,s0086,1.95149,1765.61,9774.87,2.74297,186.1056,104,9.274498,3.7002643588002435,11.309,4952.0,0.694117,326149068,1.1954781207546283,14.1074,5779.0,1.57605,1029.74,DWARF,0.071,124835,60.75,0,False
00452591819-01,452591819,s0001-s0039,1.94177,2308.63,24828.1,5.04863,185.6261,39,32.31364,4.6848112216353295,11.7656,3980.0,0.606539,452579974,14.449349624714541,17.3442,5921.0,0.79278,3076.9,DWARF,0.006,2046927,123.75,0,False
00050947588-01,50947588,s0058,1.04629,2882.34,28685.9,3.3868,180.2389,27,49.44423,19.708648662007256,11.5475,5195.0,1.38304,50947602,3.9814965846834074,11.8612,5388.0,1.41142,348.299,DWARF,0.428,59821,37.66,0,False
00025858367-01,25858367,s0069,2.27482,1654.28,5730.29,6.47381,179.1812,21,42.47819,13.433367909074233,4.4746,4341.0,29.4459,1575133267,8.495151265324802,17.4197,,,,nan,0.0,5730290,,0,False
00184519651-02,184519651,s0086,1.00109,2420.32,2785.45,3.90401,179.1362,93,14.30829,4.946467364624832,6.4296,10328.0,6.97988,184519673,2.8898841536702795,7.1158,9861.0,7.72772,552.901,GIANT,0.347,8026,75.53,0,False
00095169589-01,95169589,s0050,1.24939,2501.17,10976.2,6.50776,178.5659,72,40.93879,16.360307458186867,8.57027,6801.0,2.75551,95169587,3.7348788962523325,9.01418,6298.0,3.04052,308.942,DWARF,0.399,21976,49.18,0,False
00174632437-02,174632437,s0059,5.04694,2911.74,23753.4,4.36983,177.7277,5,12.11999,4.846162212218896,10.1801,6245.06,2.16111,174632432,4.146094817358095,11.5482,6178.0,1.88279,496.939,DWARF,0.221,83823,59.47,0,False
00350025488-01,350025488,s0096,0.626854,2036.57,2388.29,1.19072,175.6885,1065,14.87009,5.939566178629274,10.7447,4911.0,3.66438,350025490,4.0044186214290605,11.8785,5977.68,1.3615,445.542,DWARF,0.26,9174,14.23,0,False
00158579379-01,158579379,s0078,1.01447,1711.42,3020.78,2.15856,170.7206,163,51.65582,20.653529596391937,8.69909,6315.0,1.32104,158579384,0.824960988925336,12.228,6988.34,1.46342,788.562,DWARF,0.037,79858,45.12,0,False
00428186617-01,428186617,s0086,0.7516089999999999,1738.9,12429.5,4.80343,170.5682,218,22.72708,8.092718217222506,10.7321,3967.0,0.615624,413741550,7.066532262396548,16.941,4951.0,1.04458,1943.95,DWARF,0.003,2509600,180.54,0,False
00081609273-01,81609273,s0096,4.82315,1518.72,12542.3,7.68034,170.2295,36,26.06397,3.2569047797856743,5.319,,,818407617,15.450936722978328,18.7421,,,4433.4,nan,0.0,12542300,,0,False
00017468122-01,17468122,s0078,4.93386,1958.82,6480.23,4.15229,169.5809,17,32.5924,13.011005645937484,9.08498,6317.0,1.3864,17468120,2.228473513866044,12.8829,5500.0,1.16642,556.012,DWARF,0.029,216632,59.23,0,False
00345710962-01,345710962,s0086,2.08707,1712.55,9272.34,6.32947,166.7363,56,24.19692,8.115809227373882,11.2363,3447.0,0.324344,345710972,3.425553736187476,15.1883,5827.0,2.77085,3560.63,DWARF,0.026,252033,151.76,0,False
00120362128-01,120362128,s0041,1.64541,2420.92,16733.5,8.14906,165.8379,16,24.24143,9.695928190368159,8.4761,5937.0,2.18958,120362137,3.1404443158795803,9.653,6750.0,4.21478,631.301,DWARF,0.253,46280,98.92,0,False
00245068274-02,245068274,s0038,1.70749,2334.47,27568.9,2.21775,165.6101,15,12.8928,5.156668275859035,10.4983,5871.0,0.928365,245068282,3.4183432684807666,12.2934,4265.0,0.786101,162.802,DWARF,0.161,131354,31.08,0,False
00120258315-02,120258315,s0053,2.91154,2745.15,19506.4,4.50917,164.3459,8,12.91397,5.165565271512805,5.9779,12853.0,,120258321,7.63368989143668,15.662,,,,nan,0.0,19506400,,0,False
00456260162-01,456260162,s0078,1.48311,1843.76,13022.5,6.19993,164.2252,40,27.27838,6.915085414488673,10.1978,5746.0,0.99544,743445782,10.356512271567635,11.1886,,,439.899,nan,0.286,27686,,0,False
00229912683-01,229912683,s0086,1.18416,3286.4,24988.0,2.75671,163.8705,216,10.98466,4.371208898520746,13.6523,6352.0,1.75898,229912686,2.9151677312108637,14.8151,5645.0,1.4191,1698.12,DWARF,0.255,97909,48.44,0,False
00318512022-01,318512022,s0065,4.82429,1570.52,13221.3,5.7993,163.731,15,28.20787,11.251508757374264,9.4042,6698.0,1.34161,318512077,0.2665462948774295,12.0949,,,2451.18,nan,0.077,141767,,0,False
00352250813-01,352250813,s0080,0.950924,3480.45,5122.48,2.2098,163.3694,19,12.49623,4.998110144384969,6.82321,6827.0,2.56099,352250798,2.15856984484606,11.5783,3992.0,0.852494,109.9,DWARF,0.012,403870,59.11,0,False
00405268435-01,405268435,s0042,2.26035,2449.37,18388.1,2.89497,161.8776,6,29.18626,11.674391925837513,7.79726,7213.0,1.87949,405268431,4.637210587297457,8.76516,6576.0,1.37196,133.875,DWARF,0.291,49147,33.18,0,False
00164558055-01,164558055,s0086,1.21374,2011.38,11597.3,5.15669,161.0826,75,63.74522,24.60067505455006,11.6571,5895.8,1.0769,164558072,2.6715521447903336,10.5097,6584.3,2.77328,602.441,DWARF,0.742,13286,34.88,0,False
00069524367-01,69524367,s0072,5.56908,2475.84,18226.2,5.30814,160.1117,12,9.669621,3.7471177644756986,9.94394,5615.0,2.01019,660722312,7.983886135950934,17.9577,,,558.869,nan,0.001,9698434,,0,False
00363149298-01,363149298,s0065,1.58782,1544.34,14825.4,8.32336,159.3746,63,19.30729,7.599177079774614,9.2111,6487.0,1.38796,363149310,2.646952804616795,12.5079,6678.0,3.74318,1678.74,DWARF,0.046,238441,199.41,0,False
00292607284-01,292607284,s0018,4.13811,1792.91,7201.21,4.23593,158.4679,6,27.00711,10.796849589108128,8.8104,4772.0,0.704467,292607295,6.228147767914679,12.0082,6358.0,2.08257,812.692,DWARF,0.05,136847,84.05,0,False
00026656591-01,26656591,s0055,0.5276739999999999,2390.97,14105.7,1.51992,158.3461,198,40.96328,16.23610865589578,9.61,5157.8,,26656583,2.1791009160914885,10.2977,5536.99,0.820132,125.496,DWARF,0.347,40681,18.05,0,False
00045802115-01,45802115,s0072,3.40692,2477.05,29551.8,6.35867,157.8657,32,22.49601,7.4232399841081484,9.5661,,,45802087,8.852877564008773,17.0118,6473.0,1.95467,2576.81,DWARF,0.001,28139752,1131.25,0,False
00177175199-01,177175199,s0069,0.5202069999999999,1354.27,1613.45,2.10818,157.7553,1342,43.824,17.526206926339057,10.7937,5793.0,3.50282,177175207,0.6729930411426851,15.6944,4833.0,1.04893,1311.65,DWARF,0.011,145883,43.71,0,False
00139252264-01,139252264,s0050,0.5662439999999999,1842.97,3051.11,1.60862,157.6515,83,31.63758,12.449926923885146,8.6147,7007.0,2.01735,139252259,2.3521968220672047,13.3169,3652.0,0.681979,196.744,DWARF,0.013,232299,35.86,0,False
00108186406-01,108186406,s0065,24.8712,2242.02,22861.9,53.8183,157.4366,3,29.52843,11.809912294840357,4.86101,4100.0,53.0301,779538579,7.693530740771515,20.2854,,,,nan,0.0,22861900,,0,False
00093911780-01,93911780,s0089,8.37861,3720.01,17585.5,8.14895,157.1697,4,32.13346,12.846256896673726,5.0295,,,812584264,7.37325359818572,19.5677,,,,nan,0.0,17585500,,0,False
00014280239-02,14280239,s0062,0.724928,2989.16,20739.6,2.16142,157.0827,31,8.169330999999998,3.2671155685806514,9.7585,7416.54,1.8998,14280240,2.2554395423029256,12.2114,5617.29,0.9275,,nan,0.095,199705,45.22,0,False
00053208610-01,53208610,s0036,0.658869,2281.28,15878.1,2.91269,154.8025,33,45.02794,18.010938255615024,10.5795,5962.9,2.48647,53208613,0.6873433081907514,12.7373,5640.0,1.22728,572.975,DWARF,0.121,125933,47.52,0,False
00120315082-01,120315082,s0086,2.87368,1684.1,4950.27,1.90284,154.4047,82,13.15323,5.243355529405012,9.8529,8100.0,1.79424,120315078,1.8852873477883592,12.2131,5798.13,1.00914,384.099,DWARF,0.102,42174,22.61,0,False
00274030932-01,274030932,s0086,1.05626,3313.76,29366.4,3.84011,154.1031,100,31.92099,10.103168124860144,12.891,5396.0,0.896085,274030925,4.530507603420821,14.6153,,,,nan,0.17,130841,,0,False
00392676436-01,392676436,s0059,1.87917,2911.88,13388.3,5.43519,153.6321,13,34.31245,13.72041933261384,10.8163,6014.0,1.9708,392676419,2.95477550690364,12.4749,6000.0,2.29407,853.848,DWARF,0.178,64483,63.56,0,False
00338464960-01,338464960,s0099,1.19817,4046.45,17696.1,3.96792,153.2493,17,54.07972,21.620697127166977,7.2203,8509.0,1.73036,338465029,4.336484894105224,4.8762,12134.0,,120.294,nan,0.897,4958,,0,False
00173756330-01,173756330,s0065,1.75347,1491.82,1989.53,6.23731,150.7483,52,39.68699,14.479161232160989,8.8243,8650.0,1.52097,173756321,1.0432743568835279,13.433,6741.0,2.77921,1811.21,DWARF,0.014,137607,112.48,0,False
00354385277-02,354385277,s0086,2.94609,1793.46,18911.4,9.75951,150.0654,43,18.15145,6.987596947568723,11.5249,4972.0,0.979151,354385263,1.7779125601313532,12.9131,6991.0,3.74976,2132.53,DWARF,0.218,52134,93.41,0,False
00002941914-01,2941914,s0059,4.00384,2910.87,28857.5,4.13686,148.6987,6,12.89841,5.158633537491091,10.6617,,,2941907,4.584864132591664,11.5342,,,322.951,nan,0.309,93313,,0,False
00064704038-01,64704038,s0078,1.15788,2797.73,2624.56,3.78528,147.2795,46,23.20095,9.262192758299802,7.50834,6121.0,2.54496,64704032,1.9318007959118164,12.1526,8837.0,3.00881,1071.19,DWARF,0.014,188305,142.45,0,False
00300161053-01,300161053,s0096,13.3079,1607.31,16613.3,4.9518,144.7369,26,16.67562,6.6633021738140155,12.1322,5458.86,1.95733,300161054,2.988832251887913,14.6789,4739.0,1.26282,879.141,DWARF,0.087,163825,55.76,0,False
00443055162-02,443055162,s0096,8.1676,1475.17,3180.37,6.85689,144.2799,9,17.236,6.7646911068409885,7.0945,5767.81,1.42621,443088035,2.2851796657439922,11.7503,7765.0,2.99403,1076.95,DWARF,0.014,228236,156.05,0,False
00120393598-01,120393598,s0104,1.25471,4179.82,28411.7,4.8809,144.1103,19,41.90421,16.737601938331128,11.6215,4318.25,0.551423,120393609,4.494199074188488,11.0529,5504.0,1.92565,388.904,DWARF,0.628,29573,36.13,0,False
00392068173-01,392068173,s0060,1.39432,1842.81,2333.23,3.59583,143.9834,78,25.62047,10.189784232691903,8.71697,5028.0,2.77136,392068186,0.25355523735162955,12.227,5553.53,3.43513,1241.29,GIANT,0.038,61485,92.93,0,False
00453785266-01,453785266,s0065,2.7208,1597.98,14374.5,4.44224,142.8363,16,23.06354,9.082511759968654,10.3756,5923.0,0.97906,453785278,7.016142755723243,11.0914,6298.0,2.00137,504.612,DWARF,0.341,30382,38.06,0,False
00377263944-01,377263944,s0065,1.48903,2280.91,9506.2,4.57988,141.599,84,34.33782,13.101957558256665,10.9992,5398.0,0.812512,377263951,7.1659023785665035,16.545,3579.0,0.662176,729.731,DWARF,0.006,743029,62.27,0,False
00236784984-01,236784984,s0086,3.00622,3287.21,27009.6,2.93456,141.2393,81,21.57952,8.46414015484465,12.9888,4849.0,7.87966,236784978,4.900474345782202,13.7826,5283.0,1.20307,804.849,DWARF,0.325,83119,37.84,0,False
00396235258-01,396235258,s0078,2.67605,1767.18,9406.6,3.94275,140.8154,55,16.90246,6.665205004091209,9.14401,6277.0,3.4014,604442467,7.17023839149511,18.1937,,,1314.95,nan,0.0,5818567,,0,False
00022146154-02,22146154,s0096,18.1845,1557.68,18044.4,13.0424,138.7674,5,28.83941,11.38056945051719,9.98603,6101.0,1.5306,22146157,1.8139041715115536,12.0168,5753.0,1.49822,516.718,DWARF,0.133,119867,56.59,0,False
00138100436-01,138100436,s0081,4.55356,3509.88,23040.8,3.21591,137.9128,6,30.05349,12.00762565489896,11.0503,6095.06,,138100453,4.084585472861912,17.4572,,,,DWARF,0.003,5930079,,0,False
00175182754-02,175182754,s0008,3.80933,1520.79,18686.0,4.5354,137.3978,5,8.084916,3.2337775473912322,8.0804,,,772735311,1.4862550978263034,19.0197,,,,nan,0.0,18686000,,0,False
00363445389-01,363445389,s0072,5.28124,2526.9,13828.5,3.80431,136.1212,14,14.58732,5.827967076124278,11.0571,6161.41,2.66957,363445387,0.8848380273535237,13.6771,5509.0,1.01736,688.266,DWARF,0.082,155209,43.73,0,False
00276934414-01,276934414,s0096,0.789941,2037.01,9856.160000000002,6.5818,135.4678,791,17.83457,6.84734862809765,12.7768,,,276934435,3.2738949727455626,15.3656,,,2370.2,nan,0.084,116818,,0,False
00360943695-01,360943695,s0065,3.59866,2336.41,2824.79,6.51627,135.389,22,47.73105,18.946584350933993,8.1251,8967.0,2.00194,360943725,2.0389679527432576,12.9516,5998.0,1.82382,890.551,DWARF,0.012,239169,97.31,0,False
00389669796-01,389669796,s0096,8.477119999999998,1332.42,3395.03,3.27349,134.6307,104,39.31001,15.720558053674633,10.3899,5556.44,1.64444,389669829,1.182006263165729,12.3975,,,394.718,DWARF,0.136,22175,,0,False
00294222175-01,294222175,s0045,2.62771,2526.1,8671.54,8.13363,133.7372,9,70.96717,28.38595964929122,8.56957,6240.0,1.85969,718266683,2.754520618221249,7.54857,10470.0,,313.306,nan,0.719,9389,,0,False
00306955469-01,306955469,s0060,11.9511,1768.85,16755.9,5.19932,133.6326,7,29.43892,4.140580684298254,10.3697,4902.0,0.761316,306950490,15.568303387571559,10.2849,6676.0,1.64194,316.893,DWARF,0.52,22971,27.15,0,False
00159871619-01,159871619,s0078,0.604937,1928.65,9890.88,1.80264,133.2014,208,33.71264,13.467639648406681,12.1547,4401.0,0.751319,377390656,0.854890395273686,14.9106,4181.0,0.962736,641.738,DWARF,0.073,131549,38.1,0,False
00271701447-01,271701447,s0065,0.819409,1570.18,1115.73,4.15683,132.4759,141,46.24887,14.239701442355354,5.3304,5029.0,3.36634,271701409,6.476404143897986,11.2389,7375.0,1.99474,590.381,DWARF,0.004,258724,110.7,0,False
00191234270-01,191234270,s0062,0.822972,2989.23,9768.7,2.88095,132.2209,27,26.72098,10.686729144945046,9.8151,10307.0,1.9128,191234251,0.5049048898157419,12.9359,6511.0,1.4048,763.059,DWARF,0.053,167032,62.64,0,False
00238923315-01,238923315,s0001-s0036,5.70755,2176.43,19311.4,3.64684,130.4203,9,11.5397,4.608543199226831,10.7734,7199.0,2.8238,737790809,2.7571494064837223,13.2431,,,1258.2,nan,0.093,187647,,0,False
00349763482-01,349763482,s0096,15.6301,1603.75,5239.66,5.00165,129.7625,32,18.67199,7.447404076530574,10.8809,5433.68,1.95919,349763479,0.7914233932696597,14.8289,5412.0,1.28243,1332.33,DWARF,0.026,197107,62.12,0,False
00376971463-01,376971463,s0078,0.5687769999999999,1790.88,2352.4,2.75943,129.5316,236,21.72437,8.56460541156833,9.95989,6195.0,1.69826,376971458,0.4541095157490155,14.7512,5237.0,1.72166,1379.02,DWARF,0.012,187170,81.26,0,False
00307084982-02,307084982,s0096,19.2687,2067.9,18926.4,4.52139,128.7713,24,8.154633999999998,3.1867508063955152,11.4956,5637.0,1.1756,307090502,5.956820100528532,18.1501,,,,DWARF,0.002,6283770,,0,False
00435715608-01,435715608,s0055,1.19463,1684.32,3039.23,3.26479,128.4348,57,37.26395,3.489833168818471,5.67498,5107.0,10.8288,435715647,25.8958548671211,13.926,,,,nan,0.001,3039230,,0,False
00160195393-02,160195393,s0060,0.572891,1683.4,12169.2,2.80055,127.6859,460,36.4111,14.508633990220018,10.473,5713.0,0.836542,160194252,4.684078583158063,11.6853,5804.0,1.87953,546.652,DWARF,0.247,42676,42.36,0,False
00323727556-01,323727556,s0069,4.00753,1597.54,3725.52,10.7988,127.5102,36,56.39595,22.47437080194234,7.7423,8766.0,2.66174,323727563,0.36537592164584826,10.5105,7144.0,3.95155,856.247,DWARF,0.072,50070,96.47,0,False
00011748495-01,11748495,s0096,4.16145,1521.09,5356.75,9.62479,126.5612,40,33.04238,11.141920784086546,8.665,5116.0,7.92737,11653813,0.4152829267451728,13.8194,7864.0,2.8093,2868.83,DWARF,0.009,622891,241.9,0,False
00104909909-03,104909909,s0055,2.5742,1685.59,24071.2,4.66465,126.0725,44,8.695178999999998,3.3415389900958736,9.9112,12546.0,,104914271,2.5738948325269915,15.8194,4543.0,3.90227,2200.76,GIANT,0.004,5580270,1005.7,0,False
00122603455-01,122603455,s0055,0.947736,1684.29,10270.5,1.57348,125.5282,138,36.44873,14.37236891706243,11.1245,6261.0,,1882237172,7.061381344393634,18.8506,5843.0,,3937.9,DWARF,0.001,2743455,,0,False
00120826084-01,120826084,s0086,1.64856,1684.69,4907.26,7.72994,124.9958,99,29.50501,11.764869366332109,10.423,6050.0,1.19347,120826102,3.1848912962375846,14.3738,5345.0,2.69464,2253.72,GIANT,0.026,163509,118.88,0,False
00263782440-01,263782440,s0100,1.03626,4074.13,7994.89,3.43019,124.8463,23,11.50329,4.600780469153391,7.6985,4798.0,,263782428,1.6975638655190814,9.9811,6282.0,3.0988,468.972,DWARF,0.109,73436,91.62,0,False
00433563624-01,433563624,s0058,10.1791,2884.07,9548.46,7.10012,124.3504,3,10.52354,4.207043227619623,9.74817,6088.0,1.83307,433564629,2.7144424963499802,10.9463,8128.0,2.41141,674.971,DWARF,0.249,28426,44.36,0,False
00329771294-02,329771294,s0086,2.48677,2825.33,11970.7,9.38072,124.3379,60,39.67413,15.658191258689648,11.0562,10059.0,4.83011,329771360,2.04131898070634,12.1615,9566.0,6.66023,4060.19,GIANT,0.265,31529,129.02,0,False
00087260967-01,87260967,s0069,0.5452789999999998,1654.39,1284.37,2.37861,123.7347,131,20.9011,4.117467327449277,5.0778,4665.0,19.036,1693965863,14.133402911257955,16.9397,,,4389.22,nan,0.0,1284370,,0,False
00314527844-01,314527844,s0069,1.4725,1625.35,11841.0,5.53555,122.9929,29,10.13645,4.0013824209894295,10.3043,5707.0,2.21676,1233117637,1.6356673546568774,14.0309,7257.0,2.15404,1776.75,DWARF,0.031,236566,114.3,0,False
00342782002-01,342782002,s0069,1.09765,1625.83,1418.99,4.97414,122.7465,90,68.21767,27.218596897644282,8.2222,7599.0,4.32095,343154970,0.46262628147063545,11.4091,7049.0,2.25633,731.311,DWARF,0.05,27155,40.56,0,False
00336296852-01,336296852,s0078,1.60999,1765.9,16253.1,7.8171,121.7616,66,18.60993,7.3924025994661235,12.7812,3813.0,0.650138,336296858,1.1828853589002006,15.1642,5561.0,4.88618,3734.32,GIANT,0.1,146538,204.07,0,False
00073201833-01,73201833,s0065,0.865039,1543.27,8196.41,3.59637,121.624,83,46.68219,18.4626966612088,9.45,5911.0,1.07655,73201821,1.9379279563704523,13.4938,7982.0,2.07037,2218.5,DWARF,0.024,341120,131.92,0,False
00470358759-01,470358759,s0060,9.8974,1818.89,24488.1,5.15611,120.3176,4,32.21234,12.110903909345884,5.5739,,,470358744,5.024712878461761,15.7236,4500.0,10.0312,5206.58,GIANT,0.0,24488100,5415.71,0,False
00273574141-01,273574141,s0055,1.07557,1683.91,7988.49,3.67743,120.2669,118,28.39368,11.093482612956008,11.08,9044.0,2.21569,273574140,7.742543842056895,14.6669,,,2059.43,nan,0.035,128758,,0,False
00262173985-01,262173985,s0086,1.11257,1816.21,2077.47,7.83429,119.9684,75,30.88766,12.30592888713943,7.99005,8428.0,2.38748,262174006,0.5013916652295612,11.4517,5940.0,9.62563,1939.16,GIANT,0.04,49955,234.72,0,False
00044662107-01,44662107,s0065,0.774024,2334.2,22627.2,1.56096,119.8092,69,43.32037,11.335117316938895,11.7395,3372.0,0.405433,44662022,3.459485696474152,16.7839,4683.0,8.75924,6363.21,GIANT,0.01,1200420,1047.03,0,False
00419729543-01,419729543,s0092,6.59416,3780.99,8005.63,6.45186,119.8013,5,19.36887,7.422567223755747,9.66,4655.0,,419729502,6.01083947202677,13.5944,5328.0,1.5902,781.11,DWARF,0.026,253422,87.34,0,False
00377653904-01,377653904,s0090,1.13756,3748.29,16976.1,6.0538,119.5309,24,17.77648,7.110117044181449,10.4988,5444.0,0.864977,377653879,2.246566209532657,13.3189,6805.0,3.00683,2073.71,DWARF,0.069,177246,138.11,0,False
00230019272-01,230019272,s0086,0.50595,3285.82,10875.0,2.65474,119.2232,456,51.16618,20.166864987007028,12.8517,4941.0,2.91122,230019285,3.0670439164002192,12.7148,6004.0,1.49357,756.749,DWARF,0.531,20462,23.31,0,False
00330847328-01,330847328,s0086,13.2301,1962.28,12788.1,4.27146,119.0788,12,14.34754,5.6283094053210965,11.2645,5368.0,0.830672,330847314,0.6817516300873558,14.3782,4821.0,1.47244,744.585,DWARF,0.054,187458,69.55,0,False
00109931835-01,109931835,s0034,1.10395,2228.86,14864.3,6.31376,119.0486,21,15.95133,6.378631167911962,11.2221,8701.0,1.64229,109931849,2.7407514657462033,14.044,6122.0,4.17831,3532.71,DWARF,0.069,170798,188.39,0,False
00458230632-01,458230632,s0096,1.01126,2281.49,9819.080000000002,3.63398,118.8594,129,31.41183,12.498793365719807,8.8503,12527.0,,458134617,5.596845145717062,17.059,,,,nan,0.001,9819080,,0,False
00352049289-01,352049289,s0055,1.34863,2420.68,14179.9,4.2598,118.8317,38,13.10054,5.168850711989701,11.2621,8217.0,1.55126,352049287,0.49554500826041475,15.2244,7934.0,1.86283,3974.98,DWARF,0.025,464640,138.53,0,False
00337184386-01,337184386,s0046,2.4111,2475.97,22710.1,2.04236,118.5043,27,8.492177,3.3251408613391913,11.1736,9419.0,,716795992,6.684718387989597,11.5997,,,713.486,nan,0.403,56335,,0,False
00253451899-01,253451899,s0100,1.89299,4074.37,8040.09,7.57186,118.3788,14,69.15737,27.575808445312813,9.5008,8987.0,1.85141,253451887,2.8282492785624918,8.4309,,,95.3241,DWARF,0.728,9812,,0,False
00091504417-02,91504417,s0045,3.88106,2526.47,25926.0,4.37718,118.2702,6,54.19033,21.596294817319336,11.4568,8418.0,1.90177,91504422,2.3674379356428212,15.8806,6320.0,,1132.31,DWARF,0.017,1027039,,0,False
00295522204-01,295522204,s0033,3.88791,2204.98,12182.8,4.28414,118.262,6,17.6643,7.062697165613118,10.0379,6550.0,2.52199,295522198,6.350415459684799,13.6698,6164.0,1.36019,965.174,DWARF,0.034,322843,84.32,0,False
00398763011-01,398763011,s0065,4.65911,1569.97,11164.6,13.716,118.1688,10,22.9859,8.984917968194205,9.3864,14951.0,,398629284,2.531084611112979,12.3197,7799.0,5.82376,2683.34,GIANT,0.063,177568,267.74,0,False
00394508465-01,394508465,s0100,5.40189,4074.32,27762.5,6.84698,115.5901,5,13.90427,5.560551405307696,5.9555,13213.0,,394508452,7.0907660593179855,15.3959,6101.0,1.72727,2503.92,DWARF,0.0,27762500,992.92,0,False
00059504074-01,59504074,s0012,9.47356,1634.04,29326.9,28.1979,114.6597,3,7.860483,3.144125286893803,7.2226,8854.0,2.53758,1247967730,2.6327547420653605,14.843,,,1455.94,nan,0.001,28873747,,0,False
00077437462-01,77437462,s0098,0.6079529999999999,3989.06,19670.2,0.514513,114.4971,68,14.42665,5.766104777225992,11.58,3588.0,0.461714,685718883,7.528900061789829,19.0851,,,308.069,nan,0.001,7924673,,1,False
00309619055-01,309619055,s0096,10.5502,1552.22,11951.0,4.57368,114.0982,38,16.23597,6.467990835800928,12.2803,5348.63,1.27267,309619053,1.7399506053507046,13.9678,6025.0,1.43436,1297.91,DWARF,0.174,57786,37.62,0,False
00182776916-01,182776916,s0088,1.22618,3690.96,2248.93,8.553079999999998,113.7275,23,50.58583,20.233441728563946,4.6683,3854.0,189.047,823118656,6.843294715458155,20.1566,,,1341.77,nan,0.0,2248930,,0,False
00014081980-01,14081980,s0001-s0006,2.91928,1438.87,11248.5,3.89,112.8023,15,22.22459,8.213214927816612,10.5055,3815.0,0.622496,14081981,4.007989326599637,14.2626,5806.0,1.47557,1454.97,DWARF,0.03,360296,96.63,0,False
00286310836-01,286310836,s0096,8.36876,1545.83,10210.5,10.7087,111.4607,11,66.92059,26.486535799847147,10.0455,5964.0,1.10805,286310830,2.756855371911879,10.1768,6270.0,4.0579,687.322,DWARF,0.47,20974,64.12,0,False
00224041421-02,224041421,s0092,4.79069,3807.11,23804.8,8.41066,110.6833,5,40.64504,16.256865013957015,5.6114,,,187508864,5.433601813081108,17.3556,5178.0,1.86042,4869.58,DWARF,0.0,23804800,990.3,0,False
00258872445-01,258872445,s0086,0.625877,3285.93,1997.28,2.22092,110.2683,381,27.56451,10.923589785657644,10.0172,6585.0,2.22687,258872447,4.636995442643198,11.3292,,,,DWARF,0.23,7005,,0,False
00259967623-01,259967623,s0086,4.59932,1740.68,1912.71,12.6045,110.1763,59,26.03528,10.200984863445015,8.7504,7983.0,2.0276,259967618,0.4842864752158641,14.7657,5140.0,4.57582,2638.47,GIANT,0.004,477709,345.04,0,False
00173077938-01,173077938,s0065,0.6484969999999999,1491.88,1802.6,1.11775,110.1047,101,19.95546,7.21338959322192,8.143,7382.0,2.47423,173077950,0.8179398285411476,12.1392,,,,nan,0.025,70480,,0,False
00114112263-01,114112263,s0034,8.85501,2234.58,12802.1,5.80517,109.3612,3,54.06328,21.62506979921825,9.6041,6459.0,2.01122,114112315,3.2484123208989506,10.8478,14747.0,,947.496,nan,0.241,46721,,0,False
00293109489-01,293109489,s0065,1.2665,1569.97,4254.13,5.14873,108.9165,35,36.06073,14.210901108948036,9.2423,5546.0,0.854596,293109487,3.1248656789960534,12.2649,6149.9,2.523,1059.92,DWARF,0.058,70102,72.88,0,False
00197587400-01,197587400,s0086,1.23911,1764.84,20538.2,3.24855,108.2654,119,30.86728,12.222274137257898,12.7847,3983.0,0.656356,197587431,5.753075674080883,13.9497,,,921.832,DWARF,0.255,55745,,0,False
00389096669-01,389096669,s0100,0.6703489999999999,4074.2,6494.04,2.20229,108.0064,36,51.18356,20.4703125124981,9.9903,7330.0,1.68677,389096698,1.0463166363803154,12.8055,4782.0,0.796418,,DWARF,0.07,88081,25.79,0,False
00357354425-01,357354425,s0050,6.93784,1928.39,25419.4,60.8537,107.7958,7,20.63995,3.488939746845029,8.3404,6684.0,1.88185,357354424,12.84421331535093,14.8066,6089.0,1.02026,1421.21,DWARF,0.003,9800562,348.47,0,False
00350431335-01,350431335,s0069,0.574766,1325.5,483.123,1.50061,107.6451,1261,47.40345,18.95888501073259,8.957,5796.0,2.28161,350433750,0.7923281798728875,15.4928,5744.0,1.10299,1852.5,DWARF,0.002,199081,53.69,0,False
00325412896-01,325412896,s0027,0.7387289999999999,2036.46,15515.4,3.21584,107.361,31,24.52159,9.803781167565822,9.4251,6679.0,2.1099,325412893,0.6897148060701916,12.1251,7568.0,1.58191,800.292,DWARF,0.077,189613,75.15,0,False
00028840642-01,28840642,s0096,2.78052,3100.32,2054.35,8.70047,107.3194,32,52.23253,20.827306014983925,8.5259,9665.0,3.07772,28840637,0.7576764895207813,12.7202,6095.0,3.69944,1800.43,DWARF,0.021,92832,122.97,0,False
00203207745-01,203207745,s0050,0.8148199999999999,2665.38,6735.79,1.61658,106.7917,21,19.94527,7.977003982648802,8.69764,6614.0,1.97911,203215103,0.38373452081249904,11.5605,4980.0,0.856331,185.035,DWARF,0.067,94770,28.76,0,False
00362970860-02,362970860,s0090,3.44192,3749.14,7075.55,1.56271,106.6445,8,12.04841,4.819232916864661,6.2679,13366.0,,866449382,7.022230364925282,19.8433,,,,nan,0.0,7075550,,0,False
00305809276-01,305809276,s0099,0.837319,4046.4,14764.0,6.17183,106.5439,25,52.09867,20.839417985396835,10.4938,6249.0,1.34999,305809342,3.1469059713595002,11.138,7085.0,3.34087,955.112,DWARF,0.356,35466,68.64,0,False
00307907420-01,307907420,s0021,1.64911,1871.77,23765.5,3.36295,106.2702,14,52.22514,20.889679985760257,12.1468,3364.0,0.365215,307907416,7.922314994311223,12.0615,4524.0,1.12764,248.632,DWARF,0.52,42586,25.39,0,False
00382069441-01,382069441,s0001-s00013,2.74541,1326.99,11016.1,10.9162,105.7713,103,68.18113,27.002053436883052,11.3792,5057.0,0.743674,382069435,2.419107989576113,10.4534,4517.0,2.69549,281.205,GIANT,0.701,14965,35.97,0,False
00150357290-02,150357290,s0001-s0006,0.985381,1354.28,12196.2,2.3075,105.5575,111,29.59048,11.82638556109274,10.4435,5650.55,1.05303,150357291,0.4569364179472438,13.8657,6767.0,5.16182,5390.64,GIANT,0.041,287694,302.06,0,False
00258271315-01,258271315,s0086,2.64364,1685.43,5451.7,5.45163,105.394,78,40.2244,16.071329399444718,10.74,5354.0,0.821475,258271277,0.4171803379385072,13.4259,5787.0,2.15822,1415.94,DWARF,0.078,66162,60.57,0,False
00392113518-02,392113518,s0065,4.3641,1571.64,3243.99,7.287289999999999,105.0268,22,56.61348,22.625644337622127,8.9147,8264.0,1.96138,392113464,0.9512006254768601,12.2252,9259.0,3.21727,1880.63,DWARF,0.045,65084,89.55,0,False
00177283727-01,177283727,s0096,3.95607,1544.65,6657.59,3.84152,104.7324,107,11.87784,4.744313676932571,12.4321,5375.0,0.685419,177283728,2.78009163885657,16.5844,5741.0,1.14658,2960.06,DWARF,0.021,303911,68.96,0,False
00159113206-01,159113206,s0054,1.99802,2770.99,11588.5,4.66735,104.4736,7,61.11023,24.443270706104272,8.96459,6577.0,3.31774,159108929,1.0108865681504133,9.29248,6390.0,1.94169,226.098,DWARF,0.425,24267,33.0,0,False
00347844375-01,347844375,s0058,1.23768,2882.48,16132.3,7.81301,103.8257,23,25.4933,10.196149482039463,10.971,6239.0,1.64418,347844390,1.0777637230401442,13.9553,7035.34,3.16252,3344.19,DWARF,0.06,234929,167.23,0,False
00307291318-02,307291318,s0065,14.1589,1357.79,1696.9,4.44521,103.7924,29,21.5264,3.240408525340454,5.4296,12437.0,,805211748,12.077359657240898,13.7453,5817.0,1.44571,1033.47,DWARF,0.0,1696900,205.46,0,False
00363258401-01,363258401,s0037,0.671695,2307.54,3268.57,3.88967,103.7668,35,32.84013,13.120585453866983,8.804,3712.0,84.4266,363258376,1.2474742652098716,13.9784,7012.0,2.06655,1997.48,DWARF,0.008,387080,140.27,0,False
00233546272-01,233546272,s0086,1.65915,1684.16,3857.4,3.96226,103.0103,419,37.52065,14.930549476086865,11.8856,4803.0,0.765507,233546268,1.9641087787761344,13.0245,6200.0,2.21702,1386.31,DWARF,0.259,12244,26.76,0,False
00413738130-02,413738130,s0078,2.20106,1765.6,29637.0,4.88036,102.8943,42,18.33655,6.702771207168124,12.645,3692.0,0.619409,2016376778,2.9537405347863386,18.1486,4695.0,0.498959,1405.32,DWARF,0.006,1310555,62.32,0,False
00260273161-01,260273161,s0086,17.7865,1988.99,13856.6,6.15171,102.8651,9,12.70655,4.938938380218049,9.6187,5471.0,0.916275,260273162,2.4308236593779444,15.2969,4942.0,0.814756,778.223,DWARF,0.005,1472945,107.88,0,False
00372918167-01,372918167,s0032,1.83759,2175.81,9500.65,7.46436,102.7874,13,66.97448,26.78894546932317,10.4056,5754.57,1.50659,372918159,2.61850216318638,10.629,6619.23,2.72644,508.292,DWARF,0.449,20209,42.29,0,False
00128721058-01,128721058,s0086,2.89658,1740.22,4976.32,6.84953,102.2149,25,77.77848,30.805310435512745,8.16486,7266.0,2.60306,128689788,0.22857989601264408,8.1662,8616.0,2.21024,243.066,DWARF,0.5,9613,23.64,0,False
00467181063-01,467181063,s0078,15.5203,1752.21,29847.4,17.1166,102.065,45,8.83318,3.4819535754239714,14.0391,,,467181064,6.392614344957763,14.8649,4675.0,3.53547,2996.42,GIANT,0.319,93707,118.08,0,False
00102643159-01,102643159,s0069,1.7846,1625.23,19173.6,5.84045,101.7924,40,40.47888,10.699499107909865,4.534,,,102643354,8.564947522227838,16.1028,3946.0,1.32394,1164.79,DWARF,0.0,19173600,632.48,0,False
00075499441-01,75499441,s0046,1.53186,2474.81,19834.8,4.7982,101.7032,45,49.4229,18.857087914582632,10.8037,,,75593781,1.76441989889636,11.4351,8300.0,1.62236,652.31,DWARF,0.359,55315,41.63,0,False
00242589597-01,242589597,s0065,13.3429,1597.8,28214.6,5.9856,101.3936,3,8.332359,3.2502215610065113,11.8229,6710.0,2.09136,1052125448,1.3896834344688604,19.4007,4301.0,0.531456,2843.84,DWARF,0.001,23025785,278.23,0,False
00114233056-01,114233056,s0092,2.52246,3481.69,27358.4,6.23301,101.2499,23,23.27299,7.3077220169359105,9.8072,,,114233174,3.1008219472331593,11.9941,,,1751.66,nan,0.118,232404,,0,False
00339369416-01,339369416,s0060,2.46675,2911.43,24998.8,2.18373,100.7546,16,8.386867,3.2568447442499493,12.0069,5785.0,1.12649,339369413,1.2425418648028057,13.5706,4609.0,0.861049,340.815,DWARF,0.192,107867,30.85,0,False
00185060842-02,185060842,s0086,0.824852,1683.47,9055.69,1.75776,100.6484,243,7.743178,3.0675904221118153,11.8676,5819.19,1.78592,1971532644,3.243345897215323,19.9072,,,2633.42,nan,0.001,4024004,,0,False
00290003896-01,290003896,s0086,1.443,1684.78,4681.99,2.26747,100.4558,262,16.75435,6.633791401433398,12.0221,3673.0,0.481148,290003897,1.7188050808185955,16.5833,4851.0,0.975309,1847.33,DWARF,0.015,297738,58.06,0,False
00418794892-01,418794892,s0001-s0039,2.20042,2334.16,19962.7,6.12984,100.2867,26,48.40276,18.828007787504596,11.5045,5731.0,1.71838,418794901,1.2260430853135313,13.1869,7997.0,2.38486,2102.95,DWARF,0.175,105487,84.51,0,False
00255350388-01,255350388,s0065,1.69052,3070.11,3266.82,2.83346,100.2482,14,38.0337,15.206947095527763,8.0048,6222.0,1.08298,255358867,1.8066712393027375,11.8247,6999.0,1.69207,523.089,DWARF,0.029,109032,60.96,0,False
00273031342-01,273031342,s0001-s0039,16.9683,1608.99,6936.26,4.06987,100.0058,4,30.93133,12.24452770734739,9.1832,6607.0,1.65595,273152037,1.6858404025313132,13.2028,5927.0,1.26054,602.018,DWARF,0.024,268919,71.32,0,False
00255993777-01,255993777,s0086,0.617032,1711.79,1470.52,1.99934,99.85049,525,38.91238,15.527666966081044,8.62443,5638.0,1.78332,255993767,3.024239657457444,12.838,5132.0,1.68653,534.096,DWARF,0.02,71010,49.03,0,False
00086081744-01,86081744,s0078,4.3377,1817.14,8780.969999999998,4.59726,99.31933,21,43.01817,17.17257938963294,11.3671,5874.0,0.655338,86081739,2.1273277976781526,12.6531,5628.0,1.77418,613.314,DWARF,0.234,33947,35.66,0,False
00349483495-01,349483495,s0096,0.998842,1597.72,3241.31,1.73041,98.86723,428,26.54383,10.608853957462795,11.7268,5804.02,1.04012,349483493,2.962839359887994,13.2545,5613.0,1.1156,596.844,DWARF,0.197,14211,14.51,0,False
00134355981-01,134355981,s0033,7.07983,2204.06,9930.01,4.30397,98.0304,4,35.9971,14.392737479308776,10.312,6379.0,2.05926,134355984,1.1230769409983687,13.9695,5468.0,1.17461,861.673,DWARF,0.033,284415,68.34,0,False
00156169159-01,156169159,s0060,0.745244,1683.84,3263.74,3.07994,97.45833,321,66.72088,26.405057419952808,9.7806,6535.0,1.23253,156169157,0.6424905564189348,11.9993,6631.0,2.09798,904.625,DWARF,0.115,27161,37.72,0,False
00010171418-01,10171418,s0033,0.920265,2202.15,7324.74,4.00226,97.3362,26,22.1339,8.850126151053392,10.4326,8606.0,1.65579,10171438,2.2482853609031777,13.2467,6499.0,2.23744,1620.59,DWARF,0.07,95430,75.41,0,False
00279081935-02,279081935,s0060,1.42845,1791.53,4600.79,3.85457,96.96563,49,15.04405,5.908415930048108,10.5838,8644.0,3.35621,279081931,1.4738136050888442,12.8749,6689.0,1.52754,708.132,DWARF,0.108,37271,32.17,0,False
00238872494-01,238872494,s0069,1.05886,2036.54,4822.43,1.41566,96.3131,99,49.91158,19.911492209591042,11.0931,3540.0,0.469368,238872498,2.843778168754737,13.931,3402.0,0.559932,174.838,DWARF,0.068,67287,15.85,0,False
00259072377-01,259072377,s0034,2.36333,2229.37,6541.64,5.48419,96.19268,10,26.84152,10.733267807058443,10.463,8679.0,1.72272,259072365,1.7603102116956721,14.1692,6562.0,2.22725,2287.37,DWARF,0.032,189981,105.91,0,False
00175233315-01,175233315,s0072,1.811,3260.34,11307.4,3.8927,96.16006,11,63.61879,25.44711902494321,10.6208,5153.81,0.712105,175233327,6.326091939667383,8.4609,6805.0,2.32513,208.619,DWARF,0.88,7058,21.31,0,False
00032599603-01,32599603,s0033,2.25825,2202.04,6901.77,2.14645,96.0806,12,12.5002,4.997361435379154,8.81637,8045.0,1.8142,32599606,1.50194690039558,11.356,5299.0,1.08071,239.009,DWARF,0.088,65553,30.19,0,False
00410154584-01,410154584,s0069,1.24846,2037.35,4231.58,2.78049,95.89067,68,10.37967,4.140940885192155,10.8039,5504.2,1.47044,410154585,1.4430608030762442,15.4687,,,,nan,0.013,310139,,0,False
00265395189-01,265395189,s0060,1.4186,2825.7,3139.08,5.40114,95.79683,38,28.64358,10.638051013923928,10.4652,9066.0,3.24919,265395188,0.11989489738274466,15.088,5492.0,2.93962,2211.06,GIANT,0.014,211924,147.64,0,False
00077961022-01,77961022,s0072,9.04768,3240.88,9647.01,5.03291,95.64565,5,13.11621,5.22255633589148,10.4518,10014.0,2.12301,77961012,1.1818313662513495,13.8978,6305.0,1.20613,969.003,DWARF,0.04,201612,59.08,0,False
00458536977-02,458536977,s0037,1.41647,2308.2,6356.06,4.21497,95.1701,17,53.28387,21.282416081755606,10.1318,8144.0,1.62601,458537048,1.415449398477333,12.5903,7289.0,3.48703,2236.52,DWARF,0.094,55744,89.82,0,False
00390283858-01,390283858,s0096,2.84001,3016.16,7589.479999999999,4.83102,94.85205,29,19.38948,6.788888612673189,10.5313,5987.0,1.88099,390283880,6.79042857272798,13.0349,10924.0,3.60942,2958.03,DWARF,0.091,42117,80.82,0,False
00416103498-01,416103498,s0086,0.6556859999999999,2391.16,4976.98,2.73732,94.76331,283,20.37141,8.136512198132127,11.4565,6416.0,2.61735,416103494,0.6107348014645984,15.541,7812.0,1.43382,3994.58,DWARF,0.023,213874,72.34,0,False
00219765652-01,219765652,s0078,0.6659559999999999,1683.97,558.786,2.00292,94.28582,995,38.15126,15.2574525094981,9.33248,6140.0,1.24794,219765647,1.5411122806569344,14.5091,6832.0,1.77427,2545.53,DWARF,0.008,65944,49.71,0,False
00343257480-01,343257480,s0069,2.40361,3069.63,20640.3,2.92323,94.02198000000001,21,14.53728,5.050258431236586,11.4483,8072.0,2.40309,343257464,1.143374176276691,14.3775,,,,nan,0.063,117535,,0,False
00229507856-02,229507856,s0086,5.9005,3286.81,28696.1,4.54716,93.39527,35,25.41808,7.722414436354842,13.0798,6012.0,1.20782,229507861,9.599824373006808,16.5796,4060.0,0.744326,971.048,DWARF,0.038,749377,70.3,0,False
00102308358-01,102308358,s0037,5.566,2310.58,22336.3,8.36907,93.15952,3,11.00118,4.397813961241826,11.2271,5413.0,2.03061,102308354,1.560314185478266,13.4326,5423.0,2.28054,1294.31,DWARF,0.116,172276,103.27,0,False
00158878881-01,158878881,s0092,0.98852,3775.46,7693.41,3.42327,93.05424,40,25.92532,10.30814307406702,9.91254,6049.0,2.36548,158884047,2.961215475185992,13.1137,5512.0,1.74153,662.348,DWARF,0.05,76128,52.42,0,False
00467062613-01,467062613,s0065,1.51652,1569.71,3345.19,7.1705,92.70598,45,25.59973,10.233453111302369,9.2194,6753.0,1.53214,467059052,4.317928276703117,14.1092,6643.0,3.27591,2527.1,DWARF,0.011,269836,185.65,0,False
00305810217-01,305810217,s0065,1.40242,2307.94,1588.26,5.63723,92.36656,56,29.19607,11.566565432390266,8.2982,6490.0,2.50972,305810232,0.334136994424586,14.0825,6068.0,2.99415,2407.68,DWARF,0.005,315826,183.58,0,False
00420618833-01,420618833,s0039,4.33265,2365.34,21261.6,4.20742,92.25257,6,51.99148,20.790305011764445,11.7339,8823.0,1.6532,420618903,6.023223400539711,10.0226,6307.0,1.81296,288.069,DWARF,0.829,14751,24.02,0,False
00052914861-01,52914861,s0033,1.01379,2202.71,5536.07,3.40472,90.9598,25,57.8464,23.13550611319306,9.96737,5780.0,1.42265,52914872,3.356550997212651,13.6675,6208.0,1.50744,1215.48,DWARF,0.032,169530,67.72,0,False
00184176428-01,184176428,s0065,0.7467989999999999,1517.69,6544.05,3.7913,90.89359,86,54.93818,21.961146590512982,9.1835,5446.0,0.85559,184176476,3.950156906091103,12.7297,7147.0,1.98724,1224.3,DWARF,0.037,172735,90.11,0,False
00017468122-01,17468122,s0052,4.93621,2723.56,6757.86,4.13076,90.67767,4,32.56842,13.014681288679796,9.08498,6317.0,1.3864,17468120,2.4228694716189394,12.8829,5500.0,1.16642,556.012,DWARF,0.029,225913,60.49,0,False
00279569707-02,279569707,s0004,3.97945,1413.81,13130.9,5.35912,90.19351,6,20.8952,8.356639315382028,9.0634,7801.0,1.97832,279569701,0.7031499267115582,13.696,6188.0,1.06426,858.627,DWARF,0.014,909857,110.75,0,False
00300446210-01,300446210,s0096,7.86222,1630.65,5389.65,3.0668,90.02057,47,33.55537,13.415048756198221,11.0755,5722.78,2.62482,300446218,2.311768419025925,13.4638,,,,GIANT,0.1,50507,,0,False
00365700014-01,365700014,s0086,14.2756,2836.28,11116.8,2.20124,89.98246,10,24.08557,9.562190283281868,7.75371,6910.0,1.52497,365699980,0.6265104919778248,10.2393,4665.0,0.988189,101.091,DWARF,0.092,109477,35.67,0,False
00073352011-01,73352011,s0078,2.19749,2581.22,7104.58,6.15348,89.79385,28,33.62761,13.226115391210909,8.4042,,,73352010,3.1600744594200916,9.2879,4604.0,2.14567,137.247,GIANT,0.307,23138,35.61,0,False
00138171285-01,138171285,s0014-s0041,21.4974,1821.46,24734.0,9.57429,89.7493,5,22.10261,8.564622521057377,11.8074,6179.0,1.72912,705234900,7.769913620101803,18.5268,,,1703.05,nan,0.002,8856661,,0,False
00393145966-02,393145966,s0081,0.975391,3507.32,3277.78,0.4625889999999999,89.60545,24,59.25765,23.70303155636213,5.2234,14435.0,,1900547657,6.916341186103655,15.6966,5305.0,1.21715,1575.7,DWARF,0.0,3277780,240.41,0,False
00470152814-01,470152814,s0086,24.5453,1795.9,10279.4,7.15591,89.47790999999998,13,34.42728,13.730253971938298,9.8543,5854.0,1.08891,470152815,0.7534980290321756,12.6909,5989.0,2.83266,1102.63,DWARF,0.068,143410,117.03,0,False
00055511463-01,55511463,s0096,1.26345,2963.77,1285.49,3.70487,88.73408,77,16.77422,6.670646042840462,9.2677,10491.0,2.83576,55511464,0.4678678720340044,15.2743,6719.0,1.91506,3139.48,DWARF,0.004,313075,116.9,0,False
00279615956-01,279615956,s0096,0.5712369999999999,1325.52,682.385,1.58773,88.61525,1276,49.17537,19.666010271438893,10.2679,5812.38,1.14302,279615964,0.9129377969544924,14.6205,6398.0,1.63476,2091.54,DWARF,0.018,32165,31.99,0,False
00160648169-01,160648169,s0086,5.74291,1715.61,17649.2,11.4143,88.60778,21,23.34795,9.270783864957886,8.2464,7094.0,1.87503,160648181,1.366572490504966,10.9668,6146.0,2.87828,640.487,DWARF,0.075,216500,146.11,0,False
00401309413-01,401309413,s0063,3.97749,3015.04,11515.0,3.47199,88.57054999999998,7,32.47741,12.985447781782298,10.2759,6665.0,1.07928,401468838,2.8749978424377565,12.2779,8476.0,2.71486,1154.48,DWARF,0.137,71107,78.98,0,False
00201836246-01,201836246,s0069,0.628195,2088.5,4262.27,1.04015,88.43316,106,24.47579,9.130863149286938,11.2605,6330.9,1.53083,201836243,2.757892856786264,15.7931,3687.0,0.667821,616.591,DWARF,0.015,264213,37.45,0,False
00335995445-01,335995445,s0078,4.17355,1740.04,4253.99,6.12298,88.32036999999998,43,64.01892,25.575056987557414,10.7484,7037.0,2.18911,335995420,0.8686835960339299,11.7466,9759.0,2.34022,958.642,DWARF,0.285,14079,30.29,0,False
00031109583-01,31109583,s0096,1.92508,2037.76,17992.0,8.32812,88.25823,226,26.23131,8.75918031790597,13.3933,3481.0,0.409459,31109584,5.388752749879671,15.8019,4434.0,4.37872,4574.2,GIANT,0.098,155349,188.29,0,False
00177995472-01,177995472,s0060,2.75484,1792.74,8150.689999999999,5.25018,88.22189,17,23.56178,9.346949122083911,10.5241,5506.0,0.875459,177995465,0.4544266242605147,13.3162,6131.0,2.28947,1495.92,DWARF,0.071,102736,80.06,0,False
00301063488-01,301063488,s0086,7.328389999999998,1690.43,9138.53,5.18227,88.13835,13,31.82698,6.298974572923436,7.0814,7725.0,3.1141,301063568,10.547874938503973,7.05758,8657.0,2.36003,146.621,DWARF,0.505,10240,26.05,0,False
00229458129-01,229458129,s0086,1.6022,3313.94,3217.43,2.26106,88.03149999999998,106,36.615,14.620367571573519,10.6812,6568.0,2.54501,1884162021,2.201480383249943,13.3645,,,2161.92,nan,0.078,38740,,0,False
00280031832-01,280031832,s0086,0.77181,1683.6,2112.94,1.98244,87.8317,732,26.39818,10.54321678947299,11.496,5616.0,0.770036,280031840,2.286907450911003,16.2698,4614.0,1.07871,1506.07,DWARF,0.012,150554,45.66,0,False
00065628544-01,65628544,s0085,6.77646,3613.41,18609.1,7.74411,87.73174,3,32.92558,13.161003504342753,5.1179,6412.0,3.55385,2044826143,7.516430725368169,18.5527,,,1878.11,nan,0.0,18543349,,0,False
00231968441-01,231968441,s0034,2.53743,2229.39,10669.4,5.25745,87.69794,9,48.71189,19.483984434216403,11.2953,6457.0,2.41396,231968433,1.5895212470606173,12.7198,6096.0,2.14114,1106.0,DWARF,0.212,43931,48.96,0,False
00004299830-01,4299830,s0072,0.535115,1842.82,2538.17,0.995349,87.46822,320,34.88762,13.679375748172529,11.228,5965.54,1.66288,4373180,1.2787119568257936,14.1943,3767.0,0.672826,298.089,DWARF,0.061,40256,14.73,0,False
00458461293-01,458461293,s0086,1.80645,1683.7,1704.18,1.83323,87.44316999999998,260,58.76191,23.45327000038715,10.0263,6336.0,1.19914,458461286,0.7132397949999462,13.3681,4260.0,0.772459,269.182,DWARF,0.044,38023,16.43,0,False
00026993764-01,26993764,s0060,1.88413,1766.49,4319.12,2.29654,87.19744,25,57.43196,22.818838984673796,9.24543,5686.0,1.40801,26993740,0.778148231590438,11.7107,,,,DWARF,0.094,43281,,0,False
00103743317-02,103743317,s0078,1.53972,1683.9,10903.4,4.73058,87.13545999999998,141,26.19715,10.21150642342447,12.2333,3459.0,0.392069,103743319,2.4630222532917254,14.5989,6490.0,1.62879,2277.36,DWARF,0.102,98752,55.84,0,False
00059468299-01,59468299,s0096,24.9152,2476.5,21822.1,8.38971,87.01721,3,24.37908,9.477191488865433,7.4353,,,59468310,4.1190699871128444,8.7009,,,1052.63,nan,0.238,91828,,0,False
00130814025-01,130814025,s0038,1.30512,2334.43,3780.44,4.48681,86.81855,21,71.34315,28.53367617027301,8.0016,6847.0,1.56518,130805099,2.0027772093694542,10.2035,10742.0,3.02705,804.889,DWARF,0.116,30633,57.8,0,False
00377291538-01,377291538,s0086,0.817937,3286.62,11229.5,3.74942,86.73524,263,34.08889,12.984611458369043,11.6038,6465.0,1.37245,377291542,5.278930108967785,12.9681,8255.0,2.13397,1923.09,DWARF,0.222,40850,47.06,0,False
00126137589-01,126137589,s0044,1.04773,2500.67,24136.1,2.95784,86.49176,21,52.23672,20.89185506445326,12.0902,3514.0,0.52126,740530087,1.418073733648909,18.6029,,,1472.87,nan,0.002,8171091,,0,False
00026586727-01,26586727,s0072,2.66853,2202.19,1819.63,3.08061,86.42114999999998,43,32.28183,12.832299148934478,9.23345,5428.0,2.92326,26586738,1.8436981921765156,11.9297,6124.0,1.30479,486.031,DWARF,0.077,23621,21.88,0,False
00158316612-01,158316612,s0086,18.7953,1693.13,26399.7,10.0553,86.31685,12,45.90648,18.184269776860198,13.4314,5690.0,1.83619,1716585002,6.662973892070802,18.1349,5789.0,,2584.48,DWARF,0.013,2035488,,0,False
00009887737-01,9887737,s0031,5.04411,2145.12,8087.05,5.6536,86.2372,5,11.76293,4.701728454080231,9.9098,5263.0,3.12978,9887736,2.346952055733799,13.4312,5636.0,1.56983,972.97,DWARF,0.038,215268,79.46,0,False
00343257479-01,343257479,s0069,2.40364,3069.63,14433.3,2.87682,86.18835,21,14.50567,5.22527439078204,11.2036,8782.0,2.65566,343257464,4.89274899623277,14.3775,,,,nan,0.051,125417,,0,False
00272638098-02,272638098,s0096,734.321,1570.94,13210.3,7.83106,86.116,4,38.50167,15.361293931395048,5.4035,3184.0,,936702079,5.516090524157654,19.3261,,,3024.34,nan,0.0,13210300,,0,False
00351207968-01,351207968,s0055,9.95708,2421.8,20526.0,6.18809,85.90958,5,34.20877,9.400379326226052,11.0374,7833.0,1.44359,351208025,1.0493346009739044,13.5907,8907.0,2.39502,1330.45,DWARF,0.087,195798,115.62,0,False
00060785652-01,60785652,s0062,1.40307,2988.46,8130.18,4.65913,85.46979,16,16.09015,6.434971202872474,9.5754,4576.9,24.7788,60785647,1.0162261251686207,13.6655,6906.0,1.58767,1574.43,DWARF,0.023,359804,103.9,0,False
00269916109-01,269916109,s0069,2.07372,2334.21,2212.89,6.50501,85.46282999999998,48,33.09379,12.84562675714376,9.3551,5523.0,2.9703,269916108,0.3593568963046343,15.5408,6999.0,1.94616,4144.24,DWARF,0.003,661751,172.72,0,False
00046313508-01,46313508,s0006,0.516375,1468.76,14055.7,2.63913,85.44043,41,11.43116,4.572323172446288,9.1681,6445.0,2.99907,46313509,2.591000504558184,10.5743,6053.0,1.73059,331.536,DWARF,0.215,52144,43.11,0,False
00374638121-01,374638121,s0103,2.17331,4154.0,6289.17,5.64026,85.43692,10,9.28728,3.7122243495709113,10.1883,5904.0,1.31274,374638113,2.015593600971847,14.658,6227.0,2.09763,1898.8,DWARF,0.016,355679,136.48,0,False
00073884611-01,73884611,s0055,1.63958,1683.96,1002.11,4.78039,85.0039,61,36.89386,12.43055001029313,4.3034,3982.0,264.612,73884638,8.745531962789135,9.2931,12972.0,,983.139,nan,0.01,100267,,0,False
00040717334-01,40717334,s0069,0.968343,1325.31,6520.87,9.26611,84.80272999999998,705,26.72071,6.699167966392732,11.4131,,,40717350,11.097959884480266,16.4789,,,,nan,0.009,699349,,0,False
00416947584-01,416947584,s0078,0.555648,1816.3,8005.45,2.47219,84.72834,117,15.3547,6.130849375803055,11.9972,5605.2,0.931512,416947579,1.8133587105661817,15.7946,6977.0,1.09909,2488.56,DWARF,0.029,250536,60.02,0,False
00261688500-01,261688500,s0100,1.64303,4075.24,10022.9,6.18809,83.96371,15,46.58196,18.60295230568261,9.7986,9155.0,1.97578,261688449,0.7708035768025365,12.6409,10818.0,2.48756,1689.68,DWARF,0.068,127631,96.96,0,False
00104187207-01,104187207,s0078,51.6311,1712.86,11527.8,1.78697,83.86543,3,28.26289,10.210113192060914,4.87186,3016.0,,1965782216,7.580717594559076,15.2065,5242.0,1.17748,1293.28,DWARF,0.0,11527800,436.17,0,False
00460874627-01,460874627,s0065,39.2932,2307.28,6300.27,6.20322,83.71339,3,27.02748,10.774299047164975,5.7267,3748.0,435.801,460874677,7.341674628724247,14.2251,9166.0,2.78308,2783.37,DWARF,0.0,6300270,762.13,0,False
00072150241-01,72150241,s0058,1.15065,2883.23,5496.93,11.0714,83.4894,24,55.38876,22.151676190354305,8.59374,5158.0,2.84782,72150215,3.15704663440121,10.4054,9051.0,6.2916,1880.55,GIANT,0.159,34657,127.78,0,False
00448517318-01,448517318,s0100,3.76037,4076.34,26363.3,7.89736,83.25960999999998,7,18.58461,7.433647751699356,10.4254,9946.0,2.37776,1009310058,7.49089776857504,18.8451,,,2226.3,nan,0.0,12183598,,0,False
00335216199-01,335216199,s0086,1.0659,3453.47,5189.86,3.75462,83.10664,33,35.84264,14.325589797925742,9.91606,6001.0,1.19595,335216183,1.4361831896518766,14.76,5987.0,1.80764,2232.23,DWARF,0.011,442782,131.23,0,False
00306576384-01,306576384,s0096,3.21421,1597.85,3216.87,4.0051,82.94699,118,27.52075,10.995940562807403,11.5399,6303.0,1.37777,306576383,0.9433970607745478,15.6971,5628.0,,2540.46,nan,0.021,142906,,0,False
00230116490-01,230116490,s0086,2.58325,3285.94,9776.4,2.42963,82.86490999999998,83,10.17072,4.037241612003691,12.6883,5811.0,1.42885,230116489,0.8904551011047943,16.8265,4122.0,0.82277,1269.97,DWARF,0.022,442994,59.75,0,False
00168114998-01,168114998,s0033,1.37411,2201.78,4136.19,6.95441,82.8177,18,46.7548,18.700797952122873,9.22733,5742.0,1.99061,168114997,0.20527696928904743,13.0858,6207.0,3.30219,1894.22,DWARF,0.028,144465,136.93,0,False
00229450290-01,229450290,s0086,4.09481,3286.72,24324.5,4.23265,82.59762999999998,58,11.48814,4.557434760410307,13.8639,,,229450292,0.6440270727731726,16.3541,5418.0,1.03952,2334.96,DWARF,0.092,265384,58.42,0,False
00321455348-01,321455348,s0065,3.86073,1569.44,9478.22,6.35036,82.5608,26,26.30757,10.400945857898332,10.3643,7873.0,1.73479,321455373,5.639126336374,11.1462,14623.0,,1461.6,nan,0.327,15048,,0,False
00238896431-01,238896431,s0096,16.2442,1446.08,4345.13,10.6365,82.492,12,84.58825,33.781938050655185,10.2164,5507.8,1.27006,238896417,0.8873196533476192,10.0713,6263.0,1.35718,225.847,DWARF,0.533,8060,13.29,0,False
00373702832-02,373702832,s0078,4.03381,1791.71,12084.2,4.22601,82.2508,35,24.08296,3.249573984366451,11.3059,8575.0,8.73871,373702834,14.684049443220196,14.7667,5768.0,1.73705,1536.01,DWARF,0.04,304862,104.64,0,False
00336434532-02,336434532,s0086,0.949103,1711.86,1886.69,2.98953,82.20543999999998,202,28.62011,11.309252331684634,9.53605,7340.0,2.21841,336434546,0.7357828652583648,13.602,,,550.297,nan,0.023,77315,,0,False
