epoch,time,sector,depth_ppm,err_ppm,snr,nin
0,1551.8562847405292,9,370.6,127.4,2.91,47
1,1559.2056286652798,9,217.5,147.6,1.47,48
2,1566.5549725900305,9,545.4,139.0,3.92,47
196,2992.3276939916655,62,500.6,135.1,3.71,47
197,2999.6770379164163,62,164.6,135.4,1.22,48
198,3007.0263818411668,62,641.9,142.5,4.51,47
200,3021.7250696906685,63,401.6,128.4,3.13,47
201,3029.074413615419,63,638.0,125.9,5.07,48
202,3036.42375754017,63,389.7,131.8,2.96,47
295,3719.9127425419842,89,561.9,150.9,3.72,47
296,3727.262086466735,89,525.9,139.7,3.76,47
297,3734.611430391486,89,449.1,136.7,3.29,48
298,3741.9607743162364,89,440.6,132.0,3.34,47
299,3749.3101182409873,90,423.7,129.1,3.28,48
300,3756.6594621657378,90,680.8,132.1,5.15,47
301,3764.0088060904886,90,247.2,128.2,1.93,47
302,3771.3581500152395,90,507.2,128.2,3.96,48
340,4050.633219155766,99,467.9,134.4,3.48,47
342,4065.331907005267,99,652.2,149.4,4.37,48
343,4072.681250930018,99,284.8,189.1,1.51,44
