hours_from_midtransit,n_points,median_detrended_flux,err
-7.875,132,1.00004,0.000106
-7.625,139,1.000093,9.4e-05
-7.375,141,1.000185,9.6e-05
-7.125,144,1.000056,0.000104
-6.875,140,1.000058,0.000105
-6.625,144,1.000101,0.0001
-6.375,141,1.000029,0.0001
-6.125,144,1.000151,0.000102
-5.875,141,1.00002,0.000106
-5.625,144,1.000109,9.4e-05
-5.375,140,0.999757,0.000104
-5.125,144,1.000107,9.2e-05
-4.875,140,1.000137,0.000102
-4.625,141,1.00001,0.000102
-4.375,142,1.000117,9.8e-05
-4.125,143,1.000126,9.2e-05
-3.875,141,0.999989,0.000105
-3.625,142,1.000008,0.000106
-3.375,142,0.999939,9.7e-05
-3.125,143,0.999931,0.000101
-2.875,141,1.000003,0.000111
-2.625,143,0.999989,0.000102
-2.375,141,1.000198,0.000103
-2.125,143,0.999865,0.000104
-1.875,141,1.000118,9.9e-05
-1.625,143,0.999986,0.000111
-1.375,141,1.000005,9e-05
-1.125,149,1.000098,9.9e-05
-0.875,147,0.999914,9.6e-05
-0.625,151,0.999624,9.3e-05
-0.375,149,0.999636,0.000105
-0.125,150,0.999602,9.6e-05
0.125,147,0.999531,9e-05
0.375,150,0.999532,8.8e-05
0.625,153,0.999616,9.1e-05
0.875,158,0.999648,0.0001
1.125,157,1.000033,9.6e-05
1.375,158,0.999963,0.0001
1.625,157,0.999864,8.8e-05
1.875,156,1.000084,9.7e-05
2.125,156,0.999999,9.4e-05
2.375,160,1.000003,8.4e-05
2.625,164,1.000177,9.4e-05
2.875,159,1.000094,8.8e-05
3.125,154,1.000107,9.2e-05
3.375,155,1.000103,0.000102
3.625,157,1.000129,9.8e-05
3.875,156,1.000225,8.3e-05
4.125,156,1.000036,8.7e-05
4.375,158,1.000015,9.4e-05
4.625,156,0.999918,0.0001
4.875,157,1.000116,8.9e-05
5.125,155,1.000118,9.6e-05
5.375,157,0.999921,0.000104
5.625,156,1.000134,9.6e-05
5.875,150,1.000039,0.000101
6.125,146,1.000072,9.2e-05
6.375,151,1.000177,8.8e-05
6.625,148,1.000099,0.000104
6.875,149,1.000015,9.6e-05
7.125,149,1.000183,9.7e-05
7.375,148,1.000178,9.5e-05
7.625,149,1.000025,0.0001
7.875,150,1.000059,9.5e-05
