tic,P,depth_ppm,bls_snr,ntr,ntr_pos,snr_comb,snr_wo_max,chi2,tls_P,tls_match,sectors,odd,even,sec,tls_sde,tls_snr,tls_oe,per_transit
154840461,46.77927,573,25.0,7,7,24.6,21.0,40.9,,,"14,19,26,40,53,74,79",822,-13,-5±30,,,,"[(14, 7, 0.1), (19, 748, 11.6), (26, 876, 12.4), (40, 850, 13.6), (53, 898, 13.8), (74, 818, 13.6), (79, 74, 1.2)]"
259606227,1.06376,161,13.8,64,58,15.6,14.9,2.3,,,"99,100,102",157,166,12±12,,,,"[(99, 121, 1.4), (99, 257, 3.0), (99, 229, 2.6), (99, 246, 3.0), (99, 57, 0.7), (99, 46, 0.5), (99, 186, 2.2), (99, 244, 3.0), (99, 134, 1.6), (99, 246, 2.9), (99, 149, 1.8), (99, 155, 1.9), (99, 266, 3.1), (99, 267, 3.1), (99, 58, 0.7), (99, 195, 2.2), (99, 307, 3.4), (99, -72, -0.8), (99, -139, -1.1), (100, 56, 0.7), (100, 10, 0.1), (100, 102, 1.2), (100, 259, 3.0), (100, 187, 2.3), (100, 347, 4.0), (100, 213, 2.6), (100, 180, 2.1), (100, 291, 3.3), (100, 200, 2.6), (100, -194, -2.3), (100, 63, 0.8), (100, 207, 2.6), (100, 321, 3.8), (100, 140, 1.7), (100, 227, 2.7), (100, 387, 3.6), (100, 266, 3.3), (100, 138, 1.6), (100, 86, 1.1), (100, 287, 3.5), (100, 241, 2.8), (100, 64, 0.7), (102, -68, -0.8), (102, 144, 1.7), (102, 84, 1.0), (102, 257, 3.0), (102, 193, 2.2), (102, 158, 1.8), (102, 579, 6.5), (102, 390, 4.4), (102, 346, 4.0), (102, 162, 1.9), (102, 68, 0.8), (102, -267, -1.3), (102, 92, 1.0), (102, 246, 2.9), (102, 97, 1.1), (102, 206, 2.2), (102, 68, 0.7), (102, -88, -1.1), (102, 55, 0.6), (102, 117, 1.4), (102, 276, 3.1), (102, 210, 2.4)]"
67535663,0.5894,299,12.7,72,64,14.5,14.0,1.7,,,"99,100",310,287,86±24,,,,"[(99, 25, 0.1), (99, -152, -0.9), (99, 377, 2.1), (99, 427, 2.2), (99, -22, -0.1), (99, -11, -0.1), (99, 402, 2.5), (99, 286, 1.7), (99, 294, 1.7), (99, 456, 2.6), (99, 529, 2.9), (99, 327, 1.7), (99, 305, 1.8), (99, 152, 0.9), (99, 138, 0.8), (99, 364, 2.1), (99, 364, 2.0), (99, 243, 1.3), (99, 256, 1.3), (99, 267, 1.6), (99, 333, 1.9), (99, 607, 3.4), (99, 701, 3.9), (99, 370, 2.1), (99, 373, 2.0), (99, 406, 2.2), (99, 316, 2.0), (99, 549, 3.1), (99, 317, 1.9), (99, 729, 4.0), (99, 98, 0.5), (99, 892, 4.5), (99, -217, -0.9), (100, 41, 0.2), (100, 292, 1.5), (100, 631, 3.4), (100, 353, 2.0), (100, 461, 2.5), (100, 128, 0.7), (100, 395, 2.3), (100, 628, 3.0), (100, 332, 1.8), (100, 102, 0.6), (100, 544, 2.8), (100, 530, 3.0), (100, 249, 1.4), (100, 252, 1.4), (100, 495, 2.8), (100, 325, 1.8), (100, 207, 1.1), (100, -320, -1.8), (100, 90, 0.4), (100, 577, 2.5), (100, 418, 2.4), (100, -427, -2.2), (100, 290, 1.6), (100, 211, 1.1), (100, 529, 2.7), (100, 284, 1.6), (100, 653, 3.5), (100, -74, -0.4), (100, 449, 1.9), (100, 728, 2.4), (100, 320, 2.0), (100, 308, 1.6), (100, 323, 1.8), (100, -229, -1.2), (100, 300, 1.6), (100, 177, 1.0), (100, 676, 4.0), (100, 491, 2.5), (100, 465, 2.4)]"
146282666,9.99499,180,11.8,13,13,13.8,12.2,2.3,,,"3,30,104,105,106,107",139,228,27±17,,,,"[(3, 215, 4.2), (3, 154, 3.0), (30, 160, 2.9), (30, 247, 4.3), (104, 274, 5.1), (104, 109, 1.7), (105, 160, 2.9), (105, 178, 3.3), (105, 322, 5.9), (106, 191, 3.6), (106, 138, 2.5), (107, 173, 2.6), (107, 422, 7.5)]"
295541511,4.57864,451,11.3,23,22,11.9,11.0,1.6,,,"39,100,101,102,103",519,378,-4±39,,,,"[(39, 181, 1.0), (39, 287, 1.7), (39, 226, 1.1), (39, 535, 2.8), (39, 604, 3.1), (100, 589, 3.2), (100, 658, 3.5), (100, 357, 1.8), (100, -3, -0.0), (101, 583, 3.1), (101, 891, 5.2), (101, 607, 3.6), (101, 836, 4.0), (101, 142, 0.8), (102, 488, 2.5), (102, 630, 3.4), (102, 331, 1.7), (102, 116, 0.6), (102, 764, 3.9), (103, 478, 2.5), (103, 287, 1.4), (103, 550, 2.5), (103, 642, 3.4)]"
124573851,9.5293,414,10.0,10,10,12.2,10.8,1.2,,,"9,35,62,89",476,374,3±50,,,,"[(9, 478, 3.8), (9, 410, 3.2), (35, 501, 3.8), (35, 483, 3.9), (35, 285, 2.3), (62, 697, 5.6), (62, 388, 3.2), (62, 732, 5.9), (89, 435, 3.4), (89, 405, 3.2)]"
159851831,13.96689,755,11.4,4,4,14.4,10.7,4.3,,,"26,79",900,607,-41±45,,,,"[(26, 915, 7.4), (26, 582, 4.8), (79, 1159, 10.2), (79, 768, 6.3)]"
82452140,14.67789,345,9.3,10,10,11.7,10.6,1.1,,,"24,26,51,52,78,79",316,354,23±40,,,,"[(24, 235, 1.4), (24, 280, 2.7), (26, 456, 4.2), (26, 480, 4.6), (51, 326, 3.0), (52, 376, 3.5), (52, 642, 5.4), (78, 395, 4.0), (79, 314, 3.1), (79, 506, 4.8)]"
142387023,17.80172,256,13.7,8,5,15.6,10.4,73.3,,,"22,41,48,49,75,76",274,228,15±18,,,,"[(22, 869, 15.3), (22, 66, 1.2), (41, -36, -0.7), (48, 41, 0.7), (48, 815, 15.9), (49, -166, -3.1), (75, 832, 15.9), (76, -100, -1.9)]"
161738745,7.69172,211,9.6,9,8,11.9,10.2,5.9,,,"99,100,101",237,191,-35±23,,,,"[(99, 100, 1.4), (99, 256, 4.1), (99, 482, 7.0), (100, 188, 2.8), (100, 267, 4.0), (100, 294, 4.8), (101, -23, -0.3), (101, 348, 5.1), (101, 470, 7.0)]"
469810663,12.6908,342,10.2,10,10,11.1,9.8,2.3,,,"13,93,94,101,103",326,358,143±34,,,,"[(13, 574, 4.4), (13, 170, 1.3), (93, 512, 5.3), (93, 400, 4.0), (94, 149, 1.3), (94, 196, 1.6), (101, 544, 4.9), (101, 502, 4.3), (103, 252, 2.1), (103, 585, 5.2)]"
450649506,8.1209,512,9.4,11,10,11.4,9.2,8.0,,,"64,99,100,101",472,546,-140±54,,,,"[(64, 340, 1.9), (64, 424, 2.4), (64, 1369, 7.4), (99, -26, -0.2), (99, 700, 4.0), (100, 374, 2.1), (100, 355, 2.1), (100, 1549, 8.7), (101, 282, 1.5), (101, 1141, 6.3), (101, 350, 1.9)]"
142937186,22.19826,625,10.3,4,4,11.1,9.0,0.8,,,"105,106,107",611,642,25±58,,,,"[(105, 715, 5.6), (106, 770, 6.5), (107, 530, 4.6), (107, 704, 5.5)]"
9151337,6.55862,832,12.8,5,5,11.7,8.7,4.4,,,"20,60",927,680,104±59,,,,"[(20, 825, 5.1), (20, 446, 3.0), (20, 694, 4.8), (20, 1313, 8.6), (60, 868, 4.7)]"
179739873,5.58995,497,13.4,9,9,13.6,8.1,50.9,,,"38,102",134,791,-37±40,,,,"[(38, 21, 0.2), (38, 86, 0.8), (38, 303, 3.0), (38, 25, 0.2), (38, 2084, 18.1), (102, 421, 3.5), (102, 98, 0.8), (102, 86, 0.7), (102, 2027, 15.5)]"
29191624,6.41008,214,8.0,7,7,9.1,7.5,1.5,,,"21,48",207,219,9±27,,,,"[(21, 161, 2.3), (21, 241, 3.1), (21, 268, 3.8), (21, 288, 4.1), (48, 406, 5.7), (48, 192, 2.6), (48, 162, 2.5)]"
144645881,24.85182,842,11.7,3,3,11.8,7.4,22.6,,,"38,65,102",0,842,36±72,,,,"[(38, 1294, 10.2), (65, 204, 1.7), (102, 1059, 8.8)]"
368628986,19.90457,322,7.7,5,5,9.9,7.4,6.8,,,"42,43,70,71",446,243,40±54,,,,"[(42, 144, 1.6), (43, 403, 4.2), (70, 626, 6.8), (71, 684, 7.3), (71, 220, 2.3)]"
267414551,13.58797,540,7.6,5,5,9.3,7.4,0.2,,,"37,38,64,99",474,585,97±48,,,,"[(37, 613, 2.6), (38, 759, 5.7), (64, 815, 4.8), (64, 628, 3.8), (99, 675, 3.3)]"
426032475,37.60633,149,7.3,6,6,8.7,7.3,1.2,,,"1,2,13,93,95,96",146,157,-18±28,,,,"[(1, 109, 2.1), (2, 187, 4.1), (13, 128, 2.7), (93, 231, 4.8), (95, 244, 4.9), (96, 147, 2.4)]"
420529106,22.22447,872,9.2,3,3,11.6,7.3,25.7,,,"99,101,102",1660,585,-170±94,,,,"[(99, 1248, 8.0), (101, 2108, 10.8), (102, 365, 2.4)]"
270619211,6.52714,133,7.6,19,16,8.2,7.2,3.0,,,"14,15,74,75,81",161,102,-41±18,,,,"[(14, -54, -0.7), (14, 18, 0.2), (14, 206, 2.7), (14, 165, 2.1), (15, 65, 0.9), (15, 4, 0.1), (15, 230, 2.9), (15, 316, 4.2), (74, 107, 1.3), (74, 382, 5.0), (74, -43, -0.6), (74, 228, 3.0), (75, 247, 3.0), (75, 258, 3.5), (75, 246, 3.2), (81, 108, 1.5), (81, -82, -1.1), (81, 111, 1.5), (81, 217, 2.9)]"
198512478,25.32393,170,8.1,7,7,8.4,7.1,0.8,,,"14,15,20,21,22,60,75",194,151,-23±21,,,,"[(14, 120, 2.1), (15, 232, 3.8), (20, 165, 2.7), (21, 198, 3.1), (22, 281, 4.8), (60, 169, 2.3), (75, 198, 3.3)]"
219778329,54.84712,133,6.9,15,14,7.2,6.4,1.2,,,"14,18,20,26,40,48,52,54,56,58,75,77,78,83,85",103,159,36±19,,,,"[(14, 275, 3.6), (18, -24, -0.3), (20, 85, 1.0), (26, 288, 3.8), (40, 99, 1.3), (48, 164, 1.9), (52, 162, 2.1), (54, 194, 2.5), (56, 168, 1.9), (58, 184, 1.9), (75, 104, 1.2), (77, 16, 0.2), (78, 160, 1.9), (83, 201, 2.3), (85, 320, 2.5)]"
238898571,23.15328,337,7.7,7,6,8.1,6.1,7.2,,,"5,7,32,33,88,98",587,156,-41±34,,,,"[(5, 210, 1.9), (7, -20, -0.2), (32, 320, 2.9), (33, 564, 4.7), (88, 451, 3.9), (98, 224, 1.9), (98, 1090, 7.4)]"
424388628,14.73091,153,6.3,43,35,6.5,6.0,1.1,,,"15,16,17,18,20,21,23,24,25,26,40,50,51,52,53,54,55,75,76,78,80,81,82,83,86",121,184,-14±21,,,,"[(15, 63, 0.4), (16, 111, 0.7), (16, 100, 0.6), (17, 171, 1.0), (17, 116, 0.7), (18, -33, -0.2), (20, 45, 0.3), (20, 56, 0.4), (21, 133, 0.9), (21, 253, 1.5), (23, 265, 1.7), (23, 234, 1.4), (24, -63, -0.4), (24, 172, 1.1), (25, -69, -0.4), (25, -22, -0.1), (26, 150, 1.0), (40, 12, 0.1), (40, 226, 1.2), (50, 272, 1.4), (51, 119, 0.6), (51, 176, 1.0), (52, 272, 1.8), (52, 144, 1.0), (53, 376, 2.0), (54, -102, -0.6), (54, 144, 0.9), (55, -92, -0.6), (55, 200, 1.2), (75, 153, 1.0), (76, -6, -0.0), (76, 144, 1.0), (78, 334, 2.0), (78, -245, -1.5), (80, 465, 2.7), (81, 273, 1.9), (81, 471, 3.0), (82, 353, 2.3), (82, 584, 3.6), (83, 25, 0.2), (83, 221, 1.6), (86, 320, 2.0), (86, 405, 2.3)]"
